date,open,high,low,close,volume
2023-01-01 00:00:00,20003.329745536623,20010.8239488886,19988.696603458073,19999.117794724985,74
2023-01-01 01:00:00,19999.054438216514,20000.261510698638,19985.036161031905,19996.573519492606,853
2023-01-01 02:00:00,20013.367621021865,20014.572006213406,19996.51245918086,20013.97836751752,616
2023-01-01 03:00:00,20011.706452555143,20018.19848143609,20006.113315194085,20007.335538682397,406
2023-01-01 04:00:00,20014.00017220554,20009.742795833874,19989.436378846633,20006.722127990633,118
2023-01-01 05:00:00,20022.966118228247,20029.831479209755,20011.645593316865,20021.34223448397,372
2023-01-01 06:00:00,20013.043089938234,20030.066641631598,20012.63910737251,20013.662978785538,893
2023-01-01 07:00:00,20009.56411506637,20019.702072898286,20015.271525097778,20016.486843681327,643
2023-01-01 08:00:00,20017.380789503542,20025.928350288017,20006.931637158603,20014.1802852982,170
2023-01-01 09:00:00,20017.155790790664,20026.334568464477,20010.417251635005,20017.3962805886,930
2023-01-01 10:00:00,20031.92217933336,20035.74846608263,20015.57810438003,20024.225897239114,589
2023-01-01 11:00:00,20010.88325515486,20022.420483136488,20011.403374305937,20014.99974160289,893
2023-01-01 12:00:00,20009.684305775754,20015.443563457906,20000.64473176758,20009.127987759,77
2023-01-01 13:00:00,20008.779640006465,20015.642634368836,20007.89109281777,20009.440955375107,69
2023-01-01 14:00:00,20016.50957062964,20014.166643163633,20003.40771874111,20012.565537933093,63
2023-01-01 15:00:00,20023.992203566424,20041.929329746603,20017.77713859727,20024.86390777361,29
2023-01-01 16:00:00,20024.455732614493,20037.800127884184,20013.06337429794,20023.673451489754,681
2023-01-01 17:00:00,20021.53991348373,20023.87439642755,20017.252260374178,20020.23077552842,413
2023-01-01 18:00:00,20006.21823034616,20018.079925615464,20001.391748406306,20012.41429403883,730
2023-01-01 19:00:00,19996.89786218042,19996.71802509859,19995.076061169228,19995.136311555256,538
2023-01-01 20:00:00,19979.51108007202,19989.459513150694,19959.89469823454,19983.03647826529,229
2023-01-01 21:00:00,19969.76327098987,19972.036509442423,19963.082714061973,19971.54072920198,379
2023-01-01 22:00:00,19954.128840307192,19963.37796320082,19950.172346080577,19960.353217553613,377
2023-01-01 23:00:00,19964.11051732539,19968.608815055184,19955.6945651909,19958.82385983711,576
2023-01-02 00:00:00,19959.780328002937,19973.563137482888,19957.224073899328,19960.046447008954,211
2023-01-02 01:00:00,19965.20316253625,19966.81089331722,19939.618678610477,19961.519372695875,917
2023-01-02 02:00:00,19964.578209126146,19966.79279859361,19958.81490317907,19961.690187349603,389
2023-01-02 03:00:00,19964.36460776634,19978.47463831057,19953.824265122315,19965.416414729014,93
2023-01-02 04:00:00,19985.3887008628,19995.287219818772,19968.61833153726,19981.257164681952,114
2023-01-02 05:00:00,19981.650064778012,19984.309548268408,19980.72173751069,19981.03278185247,907
2023-01-02 06:00:00,19980.623265312817,19971.183403703384,19961.832784767303,19966.972779625183,242
2023-01-02 07:00:00,19973.96936430084,19982.167102151943,19975.182799055667,19975.230846471237,801
2023-01-02 08:00:00,19960.82129363481,19983.118777791915,19968.54730829019,19975.074365310913,893
2023-01-02 09:00:00,19987.232181501317,19995.155790202745,19988.19804956311,19990.80744508486,978
2023-01-02 10:00:00,19967.58503019726,19976.917684328233,19960.5696180508,19962.242730691323,546
2023-01-02 11:00:00,19962.97678855221,19969.936657458853,19958.042783265908,19962.099275645407,159
2023-01-02 12:00:00,19961.30963690734,19966.37971575151,19944.883433042196,19961.12386562104,156
2023-01-02 13:00:00,19971.235040445186,19976.81674184116,19959.997806074174,19970.14083761944,299
2023-01-02 14:00:00,19946.24960531082,19950.91253604041,19942.884140197937,19949.473623373713,427
2023-01-02 15:00:00,19948.026554342854,19949.864095841356,19938.073852855952,19948.905295826982,793
2023-01-02 16:00:00,19947.63590454343,19958.03594698191,19946.563740277168,19947.319261406603,911
2023-01-02 17:00:00,19943.890059032714,19951.956506958006,19922.800612228224,19942.704243810458,747
2023-01-02 18:00:00,19934.924531090117,19948.354896012337,19935.874405133985,19937.50478795374,255
2023-01-02 19:00:00,19936.442735484638,19945.48075351644,19926.424210775436,19932.53727997651,746
2023-01-02 20:00:00,19911.442437439182,19931.80824937622,19907.564154956217,19918.790431460533,385
2023-01-02 21:00:00,19910.139245855244,19921.68578493633,19911.036631064224,19915.676903152224,425
2023-01-02 22:00:00,19910.421111104813,19917.359676432272,19914.567899516776,19915.36542381919,464
2023-01-02 23:00:00,19924.72896970414,19923.096262656418,19912.053414196584,19920.42148176804,306
2023-01-03 00:00:00,19916.2053229223,19916.756110695103,19893.738214318633,19913.29944139206,87
2023-01-03 01:00:00,19907.4930945955,19918.650902594516,19913.859033712673,19915.934278891407,725
2023-01-03 02:00:00,19912.541844762363,19916.702781055734,19906.86924762983,19908.308953473563,630
2023-01-03 03:00:00,19913.072086367807,19917.954234823188,19901.530639681576,19913.68951554546,335
2023-01-03 04:00:00,19916.695994483143,19926.858548760927,19911.925061617017,19914.140633697974,463
2023-01-03 05:00:00,19890.32010172144,19906.64713475024,19873.671986661924,19894.839578124178,72
2023-01-03 06:00:00,19900.28836281338,19908.900615831266,19894.453953663833,19897.88730955133,738
2023-01-03 07:00:00,19903.8460937547,19911.00722361766,19896.312923060796,19898.665512145406,229
2023-01-03 08:00:00,19876.073891094224,19877.987377334382,19868.5546173596,19873.50737356959,389
2023-01-03 09:00:00,19872.009973031167,19893.761256002443,19872.777334052105,19878.046513394074,326
2023-01-03 10:00:00,19869.410303621706,19884.593455841605,19869.856844383645,19872.23179755867,628
2023-01-03 11:00:00,19866.936792257082,19881.225285387743,19867.277197373372,19872.25132684956,548
2023-01-03 12:00:00,19887.73713805932,19882.781848924595,19876.361782518,19881.907316125395,912
2023-01-03 13:00:00,19872.657416963317,19883.018405919276,19881.29016636609,19881.714403169342,568
2023-01-03 14:00:00,19874.474968530143,19874.866235556645,19857.852399972395,19870.965936078414,975
2023-01-03 15:00:00,19866.017787236095,19877.35971867552,19859.775285582506,19876.195271680655,431
2023-01-03 16:00:00,19871.577949343922,19879.956096820373,19864.198673457104,19878.097929678865,729
2023-01-03 17:00:00,19874.957853425516,19889.158154886074,19867.394807231154,19870.050316114874,521
2023-01-03 18:00:00,19868.20756552012,19866.821593933277,19859.352338255772,19861.014519455148,814
2023-01-03 19:00:00,19852.592815847198,19857.21678926791,19841.218702560156,19854.557778686805,509
2023-01-03 20:00:00,19855.19345935913,19862.423052407037,19852.951736118328,19857.925610642185,649
2023-01-03 21:00:00,19845.317357529515,19846.633486049708,19840.502031182295,19844.214506010598,838
2023-01-03 22:00:00,19815.801858898205,19830.108321104875,19819.15419530583,19824.08475258758,578
2023-01-03 23:00:00,19803.310397379417,19814.163396493303,19791.57966372155,19803.979207303226,334
2023-01-04 00:00:00,19802.455058925214,19818.490478098665,19798.553174500725,19810.79522986305,744
2023-01-04 01:00:00,19787.415070718325,19803.293427893375,19789.811652285356,19792.049650204342,92
2023-01-04 02:00:00,19805.109985391722,19812.749788944708,19779.707076102477,19804.370786425327,312
2023-01-04 03:00:00,19813.920532188404,19816.439728989502,19795.32684174042,19812.430385287436,782
2023-01-04 04:00:00,19803.395360341445,19828.904496769857,19803.207430165563,19812.197965332685,557
2023-01-04 05:00:00,19820.20954696518,19816.355350031336,19803.09218173758,19815.22020764263,160
2023-01-04 06:00:00,19797.92699745139,19806.966660246453,19790.230622904033,19792.587921658996,708
2023-01-04 07:00:00,19816.80940678687,19822.05581447654,19805.138926950556,19806.84409246986,847
2023-01-04 08:00:00,19803.608724890408,19806.727074740815,19790.135745925738,19804.502686549884,234
2023-01-04 09:00:00,19804.278027504723,19800.0898884541,19792.935038213505,19798.901767292973,953
2023-01-04 10:00:00,19804.742488411117,19807.889338572713,19796.41722403109,19801.815019606136,375
2023-01-04 11:00:00,19800.848582670187,19800.95146145639,19778.558928019138,19789.10165783375,274
2023-01-04 12:00:00,19797.311446760206,19810.204325669634,19792.98177639185,19802.13205552956,706
2023-01-04 13:00:00,19803.664272434886,19812.615631297314,19790.37234768787,19797.955093285236,263
2023-01-04 14:00:00,19793.701086897992,19801.907529946366,19796.138257177332,19801.41561571248,513
2023-01-04 15:00:00,19793.470158735017,19801.47533961078,19781.9535573617,19791.584332881077,729
2023-01-04 16:00:00,19783.49159618166,19807.652823769295,19783.256519887524,19784.423043835057,330
2023-01-04 17:00:00,19773.878079157737,19778.41444461851,19761.433957122943,19776.654752954466,327
2023-01-04 18:00:00,19765.84233082963,19768.81331168829,19755.374747896858,19767.352999590246,637
2023-01-04 19:00:00,19761.25403347724,19770.469717047064,19758.331896139374,19758.538341739164,769
2023-01-04 20:00:00,19756.138168940026,19768.2079860997,19756.88598885504,19762.62063692307,993
2023-01-04 21:00:00,19764.90157620868,19764.842457415823,19753.464676351126,19760.28734807504,84
2023-01-04 22:00:00,19768.093668395144,19787.560278928315,19766.835483862793,19774.15637430999,495
2023-01-04 23:00:00,19790.665707868833,19791.408854836674,19770.604052650404,19782.840612470565,282
2023-01-05 00:00:00,19785.641768667854,19799.868866203888,19785.08906523172,19787.573753961366,856
2023-01-05 01:00:00,19775.425979030424,19776.57288071579,19770.306322305016,19771.595306476913,37
2023-01-05 02:00:00,19773.345878667857,19767.15219966148,19744.235687589986,19766.045686074875,324
2023-01-05 03:00:00,19775.589054780303,19800.599840625375,19749.25761949189,19780.34017881591,895
2023-01-05 04:00:00,19793.98710576682,19809.101197793487,19788.223304228137,19796.998656167238,486
2023-01-05 05:00:00,19796.52892385451,19808.07400466684,19798.963856364884,19801.12594772128,245
2023-01-05 06:00:00,19779.91933071328,19795.982386932596,19778.310677871665,19785.06622733311,46
2023-01-05 07:00:00,19790.491535199504,19806.03123195525,19795.48631833126,19799.505949223534,306
2023-01-05 08:00:00,19801.527675558507,19803.470689810678,19778.95660741539,19792.855542357942,640
2023-01-05 09:00:00,19787.9046826558,19798.983429821226,19786.797363506997,19789.974977034697,156
2023-01-05 10:00:00,19785.398159212582,19788.450933487926,19781.325865097726,19787.440029870828,67
2023-01-05 11:00:00,19811.004030696968,19824.976002225223,19808.256159148357,19810.333830261592,173
2023-01-05 12:00:00,19819.087622229592,19837.755641094307,19793.919439736408,19816.418699266942,192
2023-01-05 13:00:00,19821.447798724334,19825.794001425056,19807.110553753824,19812.472946472284,359
2023-01-05 14:00:00,19803.781634503335,19822.516084370243,19811.245918192017,19814.09326334135,568
2023-01-05 15:00:00,19829.45827682498,19828.84394304908,19813.793234322264,19819.071181922263,923
2023-01-05 16:00:00,19828.812789251067,19824.30949941212,19811.227179751342,19823.893982210127,913
2023-01-05 17:00:00,19828.27370383693,19835.383717856053,19824.58841955366,19829.344152464706,747
2023-01-05 18:00:00,19833.22701266861,19848.544991954772,19833.366495787133,19833.89840790957,319
2023-01-05 19:00:00,19824.88103882533,19843.228979461794,19817.807631492917,19825.88957447644,971
2023-01-05 20:00:00,19830.157635822576,19834.956827932365,19824.40009491627,19828.33492781913,804
2023-01-05 21:00:00,19834.032660800636,19838.18002033601,19829.004112857136,19833.728753646963,781
2023-01-05 22:00:00,19830.905583707812,19841.342202919812,19798.046266315967,19828.622254926406,299
2023-01-05 23:00:00,19802.846750943812,19810.76394248423,19806.571220673206,19809.236249228612,962
2023-01-06 00:00:00,19813.22776890053,19817.58121503179,19798.9454991013,19813.9013942909,211
2023-01-06 01:00:00,19813.915814152268,19822.713540693872,19800.068259662512,19811.110603071447,632
2023-01-06 02:00:00,19792.727237934392,19801.239295541298,19767.14754141119,19797.877232051203,573
2023-01-06 03:00:00,19809.318677063085,19824.33871101555,19805.52214477715,19812.7019357367,155
2023-01-06 04:00:00,19822.279016353717,19819.182977105804,19814.988827422003,19819.019116665553,221
2023-01-06 05:00:00,19812.193183199928,19822.99197440262,19805.842809895446,19807.733967644566,586
2023-01-06 06:00:00,19820.802434605866,19836.18028460146,19818.548033318904,19828.38889456272,707
2023-01-06 07:00:00,19818.39499873199,19821.83914518926,19814.392544690614,19816.360727464078,113
2023-01-06 08:00:00,19818.731332871652,19813.100465938965,19797.3556658641,19812.08176043289,624
2023-01-06 09:00:00,19834.774682901552,19845.51447270257,19828.00894081679,19835.73533200892,658
2023-01-06 10:00:00,19835.007801099542,19834.231808220215,19826.326328521653,19827.04523655483,605
2023-01-06 11:00:00,19827.425529736975,19820.373509686433,19810.69076293748,19818.592558795943,978
2023-01-06 12:00:00,19806.85505834821,19818.70293594573,19790.85415027293,19804.760965137717,377
2023-01-06 13:00:00,19820.539565752224,19821.07887363106,19806.515688550702,19817.37171644266,241
2023-01-06 14:00:00,19820.191623853563,19826.937948155108,19807.746172423093,19820.626503773117,524
2023-01-06 15:00:00,19817.297954057278,19820.04300676701,19815.81129782557,19817.971790278127,996
2023-01-06 16:00:00,19820.570117072435,19815.779291441017,19800.38611280277,19814.71124069022,833
2023-01-06 17:00:00,19806.04803969845,19817.98180441364,19811.49608486874,19813.401886084463,296
2023-01-06 18:00:00,19830.04570314143,19841.550159336923,19813.04109394734,19822.266516389143,519
2023-01-06 19:00:00,19840.998812014557,19845.838627786918,19831.935514035675,19838.065174149906,62
2023-01-06 20:00:00,19832.1406422677,19836.66152844419,19824.296240673393,19834.387562340882,903
2023-01-06 21:00:00,19811.121049808316,19822.129244028627,19798.796998093054,19814.24071898659,234
2023-01-06 22:00:00,19828.024652711396,19838.21168579287,19814.887938060147,19819.60872429668,547
2023-01-06 23:00:00,19828.405377742532,19826.92295534801,19818.33476132995,19824.831272693973,565
2023-01-07 00:00:00,19827.004136110798,19832.913144550694,19802.827928202834,19824.867369691863,598
2023-01-07 01:00:00,19822.41947684795,19829.76115671767,19821.306277580054,19823.382158646436,384
2023-01-07 02:00:00,19817.84738191422,19826.627252411894,19811.643110921003,19823.313672633638,742
2023-01-07 03:00:00,19827.729950116725,19843.767594504257,19817.260237935207,19832.835247411662,175
2023-01-07 04:00:00,19815.992765458577,19825.479283394216,19806.94001202367,19821.488377727954,551
2023-01-07 05:00:00,19806.582901358648,19828.43737929412,19810.988840355163,19815.807058429473,724
2023-01-07 06:00:00,19797.246666246745,19799.45212567759,19795.272686304022,19798.05724302774,154
2023-01-07 07:00:00,19801.37221793145,19806.64536049857,19798.505641992324,19802.72770233997,365
2023-01-07 08:00:00,19791.583642534202,19806.59586718972,19788.954862268878,19792.8623155838,441
2023-01-07 09:00:00,19769.520810896905,19780.590060670827,19763.35648977985,19770.565554460154,16
2023-01-07 10:00:00,19759.183893544705,19758.336051036404,19755.611454477137,19755.79513446115,993
2023-01-07 11:00:00,19759.948563317466,19783.419177474258,19757.30335472348,19764.620684461708,279
2023-01-07 12:00:00,19730.766780429294,19744.72493626535,19733.437796482387,19740.836873014563,510
2023-01-07 13:00:00,19734.224309174293,19747.029384767873,19732.924364587994,19735.20541531803,472
2023-01-07 14:00:00,19720.918629937554,19728.234052647582,19713.84797293909,19719.43590715651,370
2023-01-07 15:00:00,19726.893757277412,19735.047353147613,19726.504366388202,19731.18275560104,902
2023-01-07 16:00:00,19736.798726411933,19747.497655710016,19719.330796749087,19740.462546080038,601
2023-01-07 17:00:00,19740.206841707222,19746.52638980613,19742.30357024189,19746.30762170742,39
2023-01-07 18:00:00,19764.63596439538,19767.691424032575,19749.677883434993,19757.36464320906,373
2023-01-07 19:00:00,19758.95546249199,19760.379413028124,19744.865583615552,19759.44366962868,960
2023-01-07 20:00:00,19775.02806213666,19782.648667187095,19758.830811315947,19775.304430324304,15
2023-01-07 21:00:00,19767.128704940664,19772.958042326285,19767.88524897618,19771.032958837004,871
2023-01-07 22:00:00,19765.137533869514,19778.056304216956,19757.867481455494,19762.747581075808,367
2023-01-07 23:00:00,19790.725197628537,19795.539289451433,19787.78533858212,19788.50265594667,11
2023-01-08 00:00:00,19771.81289139109,19783.011477174598,19771.02097007605,19781.188055596904,986
2023-01-08 01:00:00,19785.03778376478,19800.43784636429,19773.55556555469,19784.718704527826,478
2023-01-08 02:00:00,19787.04517103042,19793.406201126832,19779.771304648664,19792.199689175395,513
2023-01-08 03:00:00,19790.33267347415,19796.02083955374,19780.61135306702,19787.101796163708,869
2023-01-08 04:00:00,19792.24804540204,19800.24575534638,19790.0680935608,19798.637336890322,158
2023-01-08 05:00:00,19786.654975203557,19788.905485978856,19780.17008761677,19783.630512162923,26
2023-01-08 06:00:00,19804.35283936159,19805.54770514843,19787.485368749305,19797.938396763377,581
2023-01-08 07:00:00,19802.988955445497,19810.780650780696,19785.48241687152,19793.808444442067,321
2023-01-08 08:00:00,19794.69913191488,19821.515847143735,19790.216939252314,19797.75555037927,455
2023-01-08 09:00:00,19798.570938021225,19802.224112093863,19789.216853754446,19799.528449121783,664
2023-01-08 10:00:00,19817.344632023916,19807.616742166945,19796.76811787755,19807.157205921783,795
2023-01-08 11:00:00,19809.384343590442,19813.333790260436,19803.973350855133,19805.884383380144,113
2023-01-08 12:00:00,19797.098372048622,19807.038917600305,19791.88168372401,19802.37861078639,226
2023-01-08 13:00:00,19783.733507910256,19804.238060978696,19781.594048261508,19792.264710008832,949
2023-01-08 14:00:00,19767.78983055554,19796.159783847037,19776.1908062662,19777.898554644606,344
2023-01-08 15:00:00,19789.038836456555,19779.695290497,19772.792059196323,19778.677015597612,957
2023-01-08 16:00:00,19793.578479875534,19803.993682141983,19789.048507196167,19790.06719677186,386
2023-01-08 17:00:00,19794.455658756815,19799.089549922377,19782.046509590054,19799.054288609317,946
2023-01-08 18:00:00,19806.878508707956,19819.194610423918,19807.107000564927,19812.64508939029,444
2023-01-08 19:00:00,19797.898362226748,19793.65661199829,19789.336575074747,19792.596566414184,154
2023-01-08 20:00:00,19787.18240745427,19801.704726319043,19785.46777370154,19791.53485253983,112
2023-01-08 21:00:00,19788.101999574854,19797.41985678923,19784.045607874858,19790.659918941277,920
2023-01-08 22:00:00,19778.148702433835,19789.08469666883,19766.607154380246,19779.27081268179,206
2023-01-08 23:00:00,19778.777673881857,19773.193383811213,19768.92481265465,19769.655862463416,734
2023-01-09 00:00:00,19778.077626697916,19793.80264995327,19780.41483674448,19781.22934028852,279
2023-01-09 01:00:00,19771.77014781546,19782.99652775556,19767.881503810906,19771.667634678764,964
2023-01-09 02:00:00,19762.009996128872,19762.466350597893,19748.476932547142,19761.81318439179,99
2023-01-09 03:00:00,19787.47564945909,19792.990715792068,19785.613825465818,19791.808406402975,704
2023-01-09 04:00:00,19797.38617261504,19798.05923239522,19772.095948298887,19793.18737486989,682
2023-01-09 05:00:00,19785.324559560744,19815.390400172324,19785.303451962438,19788.049670921795,581
2023-01-09 06:00:00,19785.088427156392,19788.997805105166,19761.932915062487,19787.2508162681,185
2023-01-09 07:00:00,19796.48499621008,19799.191101774057,19779.90679417972,19792.775393763037,917
2023-01-09 08:00:00,19800.218662202155,19804.940798539657,19786.099891044625,19794.408395451883,887
2023-01-09 09:00:00,19774.2333866797,19780.375592952918,19763.48963205207,19775.212215022628,987
2023-01-09 10:00:00,19778.803704277354,19789.530833168235,19774.275304191466,19778.937270120394,441
2023-01-09 11:00:00,19806.326661970008,19803.63680410905,19790.808809775135,19791.143126389517,904
2023-01-09 12:00:00,19753.367916180876,19767.528532771783,19758.732068237106,19765.815663366608,609
2023-01-09 13:00:00,19772.717854981824,19770.697114591618,19762.318106785675,19765.671686194586,929
2023-01-09 14:00:00,19766.447479012324,19764.661353749787,19749.21092798502,19759.71915500454,748
2023-01-09 15:00:00,19758.77388944652,19762.42017492198,19747.54889514683,19760.988488186824,553
2023-01-09 16:00:00,19779.34557628373,19799.312957948245,19768.22559384404,19771.593701596947,378
2023-01-09 17:00:00,19753.411879780328,19767.333957077695,19752.42015487118,19756.914862998237,984
2023-01-09 18:00:00,19764.459721946147,19762.89809882458,19749.87758217963,19760.04436977563,712
2023-01-09 19:00:00,19773.89974784145,19778.097839269023,19769.286168672723,19769.751129095643,500
2023-01-09 20:00:00,19743.762566864956,19762.55504013137,19743.271843783565,19749.556428860065,66
2023-01-09 21:00:00,19757.78011802231,19766.637123718738,19750.535782878847,19754.54432827831,495
2023-01-09 22:00:00,19749.56199822587,19762.666561516657,19752.847819757942,19760.11796716629,321
2023-01-09 23:00:00,19786.879637222908,19793.07353819096,19781.01526716466,19784.970379885715,818
2023-01-10 00:00:00,19766.55122748188,19770.456462083315,19762.811583310282,19769.985286201525,452
2023-01-10 01:00:00,19780.88165136202,19785.500735528738,19759.336392784255,19775.080369153773,967
2023-01-10 02:00:00,19775.33732845805,19787.53609710614,19770.582276187026,19777.04842581487,784
2023-01-10 03:00:00,19775.857835580926,19780.519384292325,19773.021022395573,19778.557790984425,467
2023-01-10 04:00:00,19776.219717780426,19792.475888696892,19759.807845623614,19769.222235010246,632
2023-01-10 05:00:00,19766.477640200457,19792.022286376196,19770.973057051888,19775.687803430457,63
2023-01-10 06:00:00,19783.09354114394,19779.246397110393,19775.118880123013,19777.38850059541,644
2023-01-10 07:00:00,19776.2493454999,19788.970848273468,19777.945597348516,19781.4131625812,474
2023-01-10 08:00:00,19782.177228375822,19785.046717685174,19776.267396440595,19780.610782232303,10
2023-01-10 09:00:00,19799.916712720078,19817.09140486607,19794.412317387458,19801.424710057097,117
2023-01-10 10:00:00,19799.6103084585,19811.652024742314,19794.66191735728,19807.21615394691,61
2023-01-10 11:00:00,19811.584192686343,19827.3414131372,19800.589713359448,19814.693836935083,892
2023-01-10 12:00:00,19813.21315264641,19833.64172015991,19805.50790269633,19810.15478271656,594
2023-01-10 13:00:00,19802.759737752443,19805.97549881966,19796.235800867038,19802.983523669052,622
2023-01-10 14:00:00,19802.389134974208,19805.239268193294,19798.465756408266,19802.65497611495,372
2023-01-10 15:00:00,19794.89012202297,19799.425461981886,19780.091502680025,19795.79086846764,75
2023-01-10 16:00:00,19780.156503007664,19787.993354751976,19772.315096295955,19785.233451090196,813
2023-01-10 17:00:00,19762.026391153504,19778.602459463833,19767.83092913636,19769.833026482338,609
2023-01-10 18:00:00,19793.33720652594,19787.951251945815,19776.096071197593,19786.73348337576,417
2023-01-10 19:00:00,19783.99375664015,19803.892840510358,19778.649527588586,19790.563171716145,896
2023-01-10 20:00:00,19791.113413593244,19792.260160267473,19779.933833848478,19781.622981255183,211
2023-01-10 21:00:00,19775.178069283687,19774.438731241178,19766.897603526933,19769.16570054726,782
2023-01-10 22:00:00,19764.176268602383,19775.32839403639,19757.067968484916,19767.32170256719,583
2023-01-10 23:00:00,19775.096313581846,19782.11179097597,19769.01246445382,19775.77937369347,510
2023-01-11 00:00:00,19778.813576557328,19773.39271587684,19743.909109518514,19771.455959122508,528
2023-01-11 01:00:00,19749.064296389697,19767.39727459229,19754.22252724237,19755.57703920194,571
2023-01-11 02:00:00,19735.80257579034,19754.133100918807,19733.5907286113,19740.142541781588,306
2023-01-11 03:00:00,19742.218904413185,19753.904709570437,19736.252948579157,19745.383960827745,844
2023-01-11 04:00:00,19729.347254040833,19740.246681472832,19729.48009887378,19732.23477135523,665
2023-01-11 05:00:00,19740.245013805503,19751.85043389541,19725.05576491415,19737.495194014282,98
2023-01-11 06:00:00,19728.749474002452,19734.739181123066,19728.825363206623,19734.59908238545,814
2023-01-11 07:00:00,19734.269351160394,19743.92285144613,19720.944882674146,19737.258232476193,621
2023-01-11 08:00:00,19725.533066971282,19734.33741896652,19728.604502903123,19730.12249584233,716
2023-01-11 09:00:00,19729.41573155694,19737.005147674714,19715.262550340212,19730.836865758185,868
2023-01-11 10:00:00,19729.14585423775,19724.927075599826,19716.138397420156,19718.287101360733,675
2023-01-11 11:00:00,19716.749920716295,19729.179997846644,19717.71728501725,19719.811982799107,457
2023-01-11 12:00:00,19706.549272829932,19715.823870784494,19689.88440986202,19705.570353148112,57
2023-01-11 13:00:00,19703.06429175973,19709.695746300145,19696.456609076577,19708.479229211127,119
2023-01-11 14:00:00,19726.94820655628,19726.66665779271,19714.563288185866,19716.138483669954,800
2023-01-11 15:00:00,19703.68808191322,19718.201668820202,19700.843145733084,19707.738747032654,193
2023-01-11 16:00:00,19694.644555787974,19710.39256342916,19697.940950488144,19704.941201016893,224
2023-01-11 17:00:00,19701.840949646386,19707.327293776398,19693.155186562337,19706.58051939108,349
2023-01-11 18:00:00,19696.39076562222,19699.15240168706,19679.4398486278,19692.848858512654,981
2023-01-11 19:00:00,19701.08282258333,19701.11864909449,19693.49523900467,19699.80613305474,475
2023-01-11 20:00:00,19693.505270149017,19695.709396657225,19685.38431685206,19688.137792392114,22
2023-01-11 21:00:00,19706.008427379413,19700.088272301527,19688.496865503937,19695.956278859405,723
2023-01-11 22:00:00,19698.71072546601,19709.684489965322,19687.59567474489,19699.21043319861,499
2023-01-11 23:00:00,19729.23941073778,19717.428793658415,19707.496052642236,19715.142163162698,399
2023-01-12 00:00:00,19718.179527082444,19724.115151130576,19706.39005868094,19717.734200520452,52
2023-01-12 01:00:00,19705.39366418783,19721.712427482562,19698.40702974957,19700.254505874964,175
2023-01-12 02:00:00,19707.604532247315,19716.698692310507,19696.46127020324,19709.09404120483,188
2023-01-12 03:00:00,19704.24673357133,19731.309598223386,19712.2482288215,19712.368357197905,642
2023-01-12 04:00:00,19720.648028430125,19721.23506831439,19715.578651429023,19718.845274095216,773
2023-01-12 05:00:00,19718.16748667002,19724.31408283976,19709.110951177765,19723.01394121779,444
2023-01-12 06:00:00,19723.203221031923,19715.78121428666,19713.0186655143,19715.077523371652,992
2023-01-12 07:00:00,19710.484514192307,19720.795425441753,19705.18601554271,19709.480526566495,185
2023-01-12 08:00:00,19707.354295995894,19718.612217612652,19706.692535375998,19711.600051845468,750
2023-01-12 09:00:00,19689.715516776014,19707.18989245011,19695.122534771333,19696.68897767169,781
2023-01-12 10:00:00,19690.70225171098,19702.06194866325,19691.383159155183,19692.270811430717,688
2023-01-12 11:00:00,19704.86483333127,19706.856889917242,19677.776577956454,19697.326553465442,518
2023-01-12 12:00:00,19707.89335912481,19720.658231659156,19708.275503887588,19709.580750117486,614
2023-01-12 13:00:00,19711.431581227043,19714.756094689554,19709.211412091052,19714.193069513603,80
2023-01-12 14:00:00,19730.180673035404,19721.864725410567,19719.88238020167,19720.682388042966,881
2023-01-12 15:00:00,19730.18451285587,19739.91194631037,19727.724619725108,19729.961416638893,319
2023-01-12 16:00:00,19722.06325438062,19719.899109678263,19703.760276483976,19717.12185323947,927
2023-01-12 17:00:00,19695.4454925302,19705.075980448084,19691.870954487295,19700.34841649517,807
2023-01-12 18:00:00,19707.172454214906,19729.099454411687,19687.699807252306,19709.75153497045,306
2023-01-12 19:00:00,19725.03669239681,19728.70180353395,19706.84158533891,19727.273685536566,759
2023-01-12 20:00:00,19752.046749724777,19772.32169118629,19729.881779157633,19751.57899713496,421
2023-01-12 21:00:00,19767.384763133632,19755.354399772,19753.277309011053,19755.146864725033,185
2023-01-12 22:00:00,19758.659409166143,19761.643000890843,19749.803417360818,19756.638454010885,23
2023-01-12 23:00:00,19741.3247245052,19763.29542152468,19744.691591890467,19744.908646529715,427
2023-01-13 00:00:00,19739.710486262138,19743.468864953953,19729.51817986033,19742.822022661712,355
2023-01-13 01:00:00,19733.465813221854,19752.040796188652,19730.1776127675,19740.415934572644,289
2023-01-13 02:00:00,19755.26357028156,19751.366394172775,19746.234741197622,19750.053579688723,365
2023-01-13 03:00:00,19752.39374431596,19757.836122343106,19752.411702051882,19756.293852023886,533
2023-01-13 04:00:00,19740.18124071371,19740.60763378946,19736.209841028132,19738.54519857789,34
2023-01-13 05:00:00,19739.84577794437,19745.11461242945,19738.343272064703,19740.25294862041,182
2023-01-13 06:00:00,19749.815007968176,19756.47782469857,19728.283958668137,19740.950709786775,871
2023-01-13 07:00:00,19730.65053841159,19748.871270818447,19728.4819159477,19740.85913011554,99
2023-01-13 08:00:00,19729.559242515825,19729.397474420744,19717.12211980842,19727.772817410754,629
2023-01-13 09:00:00,19719.49417224839,19747.441432377593,19705.16259067678,19719.548576634803,330
2023-01-13 10:00:00,19716.849664029767,19715.809200964573,19698.328149036486,19714.617776465617,598
2023-01-13 11:00:00,19719.595075646503,19736.94219917054,19716.71526574203,19724.501369761816,405
2023-01-13 12:00:00,19744.101523659207,19744.07983704977,19736.97632684328,19738.62937896422,415
2023-01-13 13:00:00,19728.71055219159,19732.88450311525,19730.034815431845,19730.87718580597,144
2023-01-13 14:00:00,19732.635702632335,19744.760923643586,19734.033093438047,19736.20963391135,188
2023-01-13 15:00:00,19752.214776263118,19757.601632206068,19748.77643017381,19751.006425726122,634
2023-01-13 16:00:00,19768.263909527035,19772.629491359858,19757.234994348364,19764.643725812417,73
2023-01-13 17:00:00,19757.83301741474,19760.18316991254,19744.60799085891,19759.27564288612,322
2023-01-13 18:00:00,19761.64353949281,19768.38795664501,19756.246416314338,19758.230151129534,895
2023-01-13 19:00:00,19777.486698123794,19783.76907373773,19766.39248107736,19776.167228842878,746
2023-01-13 20:00:00,19766.678097018706,19767.286794486336,19748.044597412005,19765.52847620285,545
2023-01-13 21:00:00,19782.480765127082,19785.258638975807,19744.209904334653,19775.283551756795,96
2023-01-13 22:00:00,19793.425262770754,19802.15356207846,19783.69006287556,19793.400636990304,155
2023-01-13 23:00:00,19785.505363275963,19796.559661320203,19790.152997491117,19792.259177247015,991
2023-01-14 00:00:00,19773.133517973492,19784.818211257607,19775.59704929146,19776.967311260763,743
2023-01-14 01:00:00,19768.986993221846,19793.555922415362,19763.639232969097,19773.95518164285,140
2023-01-14 02:00:00,19770.795299327438,19765.887891641436,19757.235345492518,19765.237855393545,454
2023-01-14 03:00:00,19771.56902021841,19782.181748339997,19748.83427457106,19762.048704819368,186
2023-01-14 04:00:00,19761.21062406971,19774.71523689428,19756.96789537314,19757.500831478712,218
2023-01-14 05:00:00,19751.385607958036,19761.408996043592,19747.314140027676,19754.202784181085,153
2023-01-14 06:00:00,19747.0250198087,19761.485271628942,19751.968462167868,19752.20555306082,411
2023-01-14 07:00:00,19753.49416554323,19767.802656059343,19755.69187901406,19759.107506353434,971
2023-01-14 08:00:00,19756.335379884396,19758.64790754767,19743.001164591267,19757.39527615489,844
2023-01-14 09:00:00,19757.978077837848,19762.639622334606,19744.093759841155,19757.961818434826,282
2023-01-14 10:00:00,19745.929530939957,19753.398496018573,19743.665444672155,19752.126413544076,146
2023-01-14 11:00:00,19742.801571399275,19757.88614044248,19738.075717435728,19743.405562725362,70
2023-01-14 12:00:00,19727.739782234323,19739.15380155052,19723.233045453002,19725.980328397054,749
2023-01-14 13:00:00,19722.504636269652,19728.00897482786,19716.750503571424,19724.038252532202,257
2023-01-14 14:00:00,19695.895382161285,19703.50945793734,19694.605264331476,19698.58142075975,589
2023-01-14 15:00:00,19703.541354174056,19702.815256881862,19698.230803564966,19699.39794009634,337
2023-01-14 16:00:00,19691.235791550887,19698.2324870815,19681.886109312705,19691.651607028594,75
2023-01-14 17:00:00,19687.03486065575,19711.37423619056,19679.9182476522,19691.558097739682,947
2023-01-14 18:00:00,19692.059394933312,19702.999177766746,19691.479995690377,19694.45631770239,845
2023-01-14 19:00:00,19699.88178179159,19701.90356692581,19688.524099915765,19693.398327118375,377
2023-01-14 20:00:00,19681.40270973287,19693.10121758268,19684.22057567813,19685.687359298554,549
2023-01-14 21:00:00,19689.172095785467,19692.888749910486,19675.105208578694,19683.946712103596,53
2023-01-14 22:00:00,19685.70576786821,19692.307291047044,19678.14055312188,19686.32417177114,184
2023-01-14 23:00:00,19672.082083542322,19673.98848385496,19666.470197587983,19671.319973130747,829
2023-01-15 00:00:00,19678.647913465997,19677.204052031248,19652.190305632277,19669.348458507,681
2023-01-15 01:00:00,19649.903807660292,19651.972753232712,19642.04885660777,19651.86418606998,799
2023-01-15 02:00:00,19613.283131448086,19628.47542299868,19625.230339319918,19625.628302810306,528
2023-01-15 03:00:00,19626.33423620184,19630.974489012922,19619.355350204725,19627.94056557906,299
2023-01-15 04:00:00,19637.916832863273,19649.282922669037,19616.835615848464,19641.886255179466,445
2023-01-15 05:00:00,19627.730933321614,19632.274237854865,19621.667218869854,19629.358906552545,941
2023-01-15 06:00:00,19632.06030240118,19640.686229405248,19626.74177667006,19630.54505089078,541
2023-01-15 07:00:00,19642.65342764044,19648.660653859795,19643.380142151604,19643.719555495303,270
2023-01-15 08:00:00,19634.9104489119,19639.53354989536,19629.51192646913,19633.398569719913,207
2023-01-15 09:00:00,19636.874043175798,19659.985604204805,19638.16828998349,19639.91590027426,612
2023-01-15 10:00:00,19638.07008898916,19651.964976430212,19626.432859412587,19641.12617598475,929
2023-01-15 11:00:00,19637.151650610187,19650.948607591527,19624.713425412538,19636.118918120057,666
2023-01-15 12:00:00,19627.493687619964,19637.629709671444,19629.732623585438,19630.01817709346,177
2023-01-15 13:00:00,19630.514468758716,19629.03532503675,19622.362566979053,19628.702697686495,796
2023-01-15 14:00:00,19643.37758245261,19644.676187387562,19619.770896981398,19642.304863021673,901
2023-01-15 15:00:00,19645.453570483398,19648.08068538995,19638.150064147765,19645.2680169939,316
2023-01-15 16:00:00,19634.773453424576,19646.02556131238,19623.07640098196,19633.16272485062,810
2023-01-15 17:00:00,19632.185505570535,19642.930011496257,19631.803228274202,19634.33811410268,679
2023-01-15 18:00:00,19641.927095243256,19641.493337430107,19623.456842037038,19636.44679615531,689
2023-01-15 19:00:00,19656.46100167699,19652.23867331371,19649.75187690242,19651.3338939396,147
2023-01-15 20:00:00,19630.68814344232,19649.255543388863,19626.339112323403,19634.743823341727,804
2023-01-15 21:00:00,19624.610583871836,19627.923599912494,19617.14976617511,19620.08577548945,88
2023-01-15 22:00:00,19603.831111405718,19613.26427380723,19598.955707011013,19603.451770439748,781
2023-01-15 23:00:00,19596.671475118765,19607.117217121388,19576.43884537335,19595.596919947722,178
2023-01-16 00:00:00,19566.29855516502,19582.478867883165,19559.734221578492,19566.98502443573,312
2023-01-16 01:00:00,19556.454529509032,19567.54085448169,19566.142835738552,19566.179084487747,586
2023-01-16 02:00:00,19573.141146627077,19576.348576350778,19572.619304606073,19572.775085191013,17
2023-01-16 03:00:00,19600.345079089573,19596.17834174389,19590.04441589356,19592.524264413372,112
2023-01-16 04:00:00,19588.636508106374,19597.376948987803,19571.557192661785,19592.763162064664,639
2023-01-16 05:00:00,19590.560937917926,19595.77785388712,19583.28051802673,19593.269902832202,796
2023-01-16 06:00:00,19602.517608228653,19610.430449367977,19592.908254337595,19602.858485400808,784
2023-01-16 07:00:00,19598.16178474032,19605.79814908106,19574.683243473428,19593.453259268303,95
2023-01-16 08:00:00,19593.426866823465,19592.708656422234,19590.275958528666,19592.213899382332,329
2023-01-16 09:00:00,19574.69064236897,19577.970619482727,19568.66453353473,19569.696018415696,95
2023-01-16 10:00:00,19568.900958391318,19586.401236245085,19572.14427119633,19573.98914223889,629
2023-01-16 11:00:00,19578.171137754573,19575.31612385036,19568.326681140516,19573.92679967696,675
2023-01-16 12:00:00,19570.165262807714,19570.592919929364,19557.120863336684,19570.55511497199,456
2023-01-16 13:00:00,19548.21889626936,19560.43711665096,19546.961806162628,19548.948675942538,733
2023-01-16 14:00:00,19542.334029255613,19551.356981415578,19518.615946854294,19531.98103108504,888
2023-01-16 15:00:00,19531.577800488376,19539.062921011573,19531.619837675564,19537.553836484243,963
2023-01-16 16:00:00,19526.91439605325,19533.30511806939,19524.2625404995,19525.335359070203,715
2023-01-16 17:00:00,19558.67310521874,19551.325184021476,19549.53752000079,19549.69319350619,705
2023-01-16 18:00:00,19567.279116477937,19566.555232698393,19553.599899128658,19564.83888669643,127
2023-01-16 19:00:00,19558.03190428671,19565.757349207364,19545.9094832042,19561.133063933805,137
2023-01-16 20:00:00,19557.642237432417,19565.135283154123,19544.341195618643,19564.39266667916,120
2023-01-16 21:00:00,19559.58852180154,19559.04183477344,19543.94987973575,19554.72066133409,376
2023-01-16 22:00:00,19567.690219952907,19575.22337466678,19553.591836730782,19564.596019614393,875
2023-01-16 23:00:00,19575.483507716173,19594.409237726537,19561.118138019316,19566.025670176936,468
2023-01-17 00:00:00,19566.252733439902,19564.947022270513,19548.58166444099,19558.726504921146,169
2023-01-17 01:00:00,19539.728544327823,19554.576463303198,19530.328565651373,19541.613222461023,410
2023-01-17 02:00:00,19543.151073978253,19564.947650263202,19537.31573535042,19546.891210363552,995
2023-01-17 03:00:00,19559.009786841296,19572.501977475975,19553.59261113564,19561.55389530572,382
2023-01-17 04:00:00,19579.560917997813,19599.683859332417,19555.174571197538,19570.246279424617,73
2023-01-17 05:00:00,19571.825120670015,19590.072774235367,19570.137596882887,19573.450236223634,994
2023-01-17 06:00:00,19573.009809359974,19594.420282506053,19574.392993209498,19576.800688688414,279
2023-01-17 07:00:00,19581.35245588228,19585.345700036753,19572.424765200587,19577.62615584321,709
2023-01-17 08:00:00,19581.17691235091,19584.09903712999,19571.907898881538,19578.420717925615,676
2023-01-17 09:00:00,19594.296918480093,19612.00584189948,19586.304507705056,19592.249442464345,538
2023-01-17 10:00:00,19578.634836575828,19589.22622974321,19570.180910703206,19579.613986764845,966
2023-01-17 11:00:00,19583.38655403462,19591.818542301768,19557.263509120974,19576.07797052045,391
2023-01-17 12:00:00,19577.900981948358,19592.488328477197,19572.052538113487,19574.2230535223,759
2023-01-17 13:00:00,19577.242303533687,19577.38987795459,19565.013026408036,19573.836865331476,12
2023-01-17 14:00:00,19564.35189969352,19576.420591202568,19564.999656762862,19569.994850280826,352
2023-01-17 15:00:00,19562.848148193225,19582.177093048413,19566.283547889943,19567.204520653853,575
2023-01-17 16:00:00,19567.107460775063,19573.329644772428,19565.459816446448,19568.91005830174,658
2023-01-17 17:00:00,19567.071379423625,19581.715095590953,19531.588170888397,19564.919469037075,415
2023-01-17 18:00:00,19577.38522220002,19580.134298832094,19570.90894484498,19578.63828587057,599
2023-01-17 19:00:00,19586.528638366242,19612.108755585232,19580.20240497617,19589.351520161475,166
2023-01-17 20:00:00,19605.422368360723,19613.364441505877,19590.838356267035,19600.382143466028,521
2023-01-17 21:00:00,19580.156244267513,19593.300824015623,19586.960580766205,19589.38195747929,127
2023-01-17 22:00:00,19604.644261497055,19612.912509211772,19593.673996071113,19605.767443354405,339
2023-01-17 23:00:00,19620.268293114594,19630.91789704278,19617.656591441613,19619.101617254884,92
2023-01-18 00:00:00,19589.441763715127,19602.931314771864,19585.417107321868,19598.954086229707,909
2023-01-18 01:00:00,19596.12823071989,19595.38629341916,19575.402244064815,19593.381565200747,696
2023-01-18 02:00:00,19610.02050162086,19627.654863414617,19586.130116247383,19605.72257979017,157
2023-01-18 03:00:00,19598.952380166935,19606.943077851767,19588.216101245835,19599.59980527764,220
2023-01-18 04:00:00,19599.482455297646,19601.05468372099,19587.824659367212,19599.294954002344,373
2023-01-18 05:00:00,19595.47823060947,19608.3052042622,19594.37976576537,19600.93187381198,820
2023-01-18 06:00:00,19594.353731537314,19596.065938545496,19587.099640184573,19594.36995553495,34
2023-01-18 07:00:00,19616.33439774595,19623.894158701565,19606.424509305263,19611.735564059138,65
2023-01-18 08:00:00,19607.23207194842,19614.500793410625,19603.957915597195,19606.651053718062,592
2023-01-18 09:00:00,19585.971900650853,19593.60677912853,19588.12049650084,19593.475637824078,382
2023-01-18 10:00:00,19578.291920235213,19590.99960913173,19570.419564721924,19585.846752491514,159
2023-01-18 11:00:00,19580.953788666477,19573.246729237653,19569.459183563977,19573.145091266764,338
2023-01-18 12:00:00,19582.281281658863,19601.71556219641,19562.014873788958,19582.753712169688,378
2023-01-18 13:00:00,19590.60258926572,19598.303148582298,19583.364200932938,19588.344729645247,94
2023-01-18 14:00:00,19581.36076733764,19587.520217196972,19577.377017564493,19584.266253532154,909
2023-01-18 15:00:00,19589.641538872893,19599.691684768535,19589.235810222457,19594.590012551973,352
2023-01-18 16:00:00,19604.029161022045,19610.378280258312,19595.756527208792,19607.18878112604,223
2023-01-18 17:00:00,19614.89394999014,19622.017032012194,19606.831356319875,19616.641202441217,404
2023-01-18 18:00:00,19622.883054129266,19626.48119708211,19615.613993128078,19623.17864699563,643
2023-01-18 19:00:00,19618.52091068539,19622.89591182765,19612.614670220446,19620.728294792574,215
2023-01-18 20:00:00,19600.369714120705,19613.973785863458,19600.236055035857,19602.36760510808,473
2023-01-18 21:00:00,19600.216858363296,19599.71718037741,19593.652855848322,19597.401393278844,897
2023-01-18 22:00:00,19582.85985287716,19595.39005761909,19573.293574070736,19588.56547724007,599
2023-01-18 23:00:00,19600.969668467962,19605.5329385341,19593.982890815296,19602.63768626398,801
2023-01-19 00:00:00,19573.125264216043,19578.010108564064,19573.5543274353,19577.435824804306,457
2023-01-19 01:00:00,19594.47578671153,19590.31755881916,19574.545859304802,19585.94318371141,310
2023-01-19 02:00:00,19579.78540419995,19577.83261837935,19574.591039626845,19577.43167542164,600
2023-01-19 03:00:00,19578.079584547795,19584.63409013469,19567.208975895795,19577.57693651424,336
2023-01-19 04:00:00,19576.060802824853,19599.724887845106,19577.490251556275,19578.308305608873,68
2023-01-19 05:00:00,19570.538239778987,19572.572215174085,19568.33480831543,19568.98216670953,809
2023-01-19 06:00:00,19565.514841229207,19579.550903575164,19566.06921919664,19570.64131631994,357
2023-01-19 07:00:00,19571.280795819708,19573.282705042027,19554.619634812403,19562.43282647748,373
2023-01-19 08:00:00,19555.30502510121,19563.42362503423,19544.316863407446,19550.02030490423,106
2023-01-19 09:00:00,19550.96266544456,19575.172502241614,19537.756293536782,19553.902295173182,446
2023-01-19 10:00:00,19555.407258817508,19560.8876167245,19549.268751986052,19557.750324854085,391
2023-01-19 11:00:00,19563.076511622043,19584.42224014533,19560.777506397266,19568.7693789315,915
2023-01-19 12:00:00,19557.977555281155,19579.681571962512,19554.92896055123,19561.39243993665,645
2023-01-19 13:00:00,19556.75893160058,19564.415655602475,19544.7905975827,19553.170682036493,439
2023-01-19 14:00:00,19547.247260135413,19558.343810146544,19537.254149592674,19555.17065456948,561
2023-01-19 15:00:00,19561.041584257928,19570.127227414592,19560.07822650267,19563.471730186684,325
2023-01-19 16:00:00,19563.513010977487,19562.520958940746,19554.14009291524,19559.827703827053,270
2023-01-19 17:00:00,19573.422579068683,19568.786325115747,19560.63969667235,19568.089858735737,72
2023-01-19 18:00:00,19568.7187073481,19573.901546067344,19570.670870622886,19572.62705475567,820
2023-01-19 19:00:00,19588.890236567397,19594.81450741331,19569.63783563134,19579.521158295465,792
2023-01-19 20:00:00,19574.972574964064,19584.480458133352,19574.03424577276,19576.82464536267,592
2023-01-19 21:00:00,19564.99934919194,19570.458458196368,19564.373786208704,19565.46699864324,235
2023-01-19 22:00:00,19559.10982642037,19564.382343047047,19560.95092659723,19562.012675739217,604
2023-01-19 23:00:00,19549.843537430956,19555.485224146883,19520.853539479205,19550.138105705082,987
2023-01-20 00:00:00,19527.6251927684,19534.53697055212,19524.148500185653,19527.798686449405,992
2023-01-20 01:00:00,19505.009592971608,19514.625142556204,19492.728301700066,19513.849532681317,914
2023-01-20 02:00:00,19489.488790981046,19503.46575263238,19490.38138588144,19498.355511224785,873
2023-01-20 03:00:00,19487.827107684112,19491.207000083927,19480.63861055916,19490.803297497092,529
2023-01-20 04:00:00,19486.4422846238,19486.323523478597,19470.657502035763,19481.06688307704,732
2023-01-20 05:00:00,19508.638239204727,19502.647930183404,19481.296538139435,19492.89119003421,188
2023-01-20 06:00:00,19494.109269471828,19506.07583943712,19478.0715369844,19494.30314912748,161
2023-01-20 07:00:00,19509.264620048274,19515.142221616075,19510.224940730244,19511.06767020913,854
2023-01-20 08:00:00,19507.894361987335,19518.37455662653,19513.65193210909,19517.50944565934,384
2023-01-20 09:00:00,19527.788976855027,19527.47906758838,19506.263711603195,19521.248699227348,311
2023-01-20 10:00:00,19511.86044945791,19524.561582632632,19507.03829253754,19513.398481813896,43
2023-01-20 11:00:00,19509.78269763219,19518.657381249002,19499.498024456003,19514.533954209237,90
2023-01-20 12:00:00,19508.992387941664,19512.625554961644,19492.402110893403,19508.722807767008,655
2023-01-20 13:00:00,19498.487874315484,19516.117108123923,19500.011230289205,19506.06353439776,680
2023-01-20 14:00:00,19513.8846077252,19533.235909098647,19514.69282303565,19515.217775371097,278
2023-01-20 15:00:00,19525.13311451665,19528.655635172592,19517.15316647453,19521.468943523145,230
2023-01-20 16:00:00,19516.297169101686,19520.580554197983,19501.61596487965,19514.809714236948,232
2023-01-20 17:00:00,19516.191297492198,19516.133478729706,19512.629229391285,19515.292547235265,932
2023-01-20 18:00:00,19508.291543597923,19523.65077598252,19507.23826268155,19510.83808863801,775
2023-01-20 19:00:00,19521.483129141776,19529.40815885926,19516.923495434115,19519.17474327609,727
2023-01-20 20:00:00,19519.21148808568,19553.063656218226,19519.91192945804,19521.814594494233,350
2023-01-20 21:00:00,19529.26310064858,19523.785308086528,19517.286379398214,19522.5362530801,628
2023-01-20 22:00:00,19526.274859622063,19531.290994670526,19525.628231092887,19526.638210259418,249
2023-01-20 23:00:00,19533.002471690015,19534.913241836173,19525.55317368124,19532.23022779291,332
2023-01-21 00:00:00,19562.50287415371,19566.20990935135,19542.962302340176,19557.530870407812,909
2023-01-21 01:00:00,19559.353890487455,19565.475582337884,19547.73828625944,19557.37652281986,818
2023-01-21 02:00:00,19558.73412651288,19576.696035001714,19562.09377747432,19563.78233991813,164
2023-01-21 03:00:00,19566.329894002065,19563.162764424764,19556.57214746492,19560.504500625055,615
2023-01-21 04:00:00,19558.4524519506,19567.992351285582,19556.924097760555,19557.46961298706,888
2023-01-21 05:00:00,19549.9829583745,19556.84841271151,19547.529366357438,19551.214894662182,496
2023-01-21 06:00:00,19562.886801830464,19559.27300571052,19552.7056664217,19558.848481597302,80
2023-01-21 07:00:00,19539.527858266167,19560.004613887362,19534.201647219103,19542.081805462156,947
2023-01-21 08:00:00,19530.699967021847,19562.73711771616,19542.21949847928,19544.722867189495,989
2023-01-21 09:00:00,19540.899762648776,19534.63442684312,19523.966156242943,19532.780319941812,723
2023-01-21 10:00:00,19557.392799893365,19568.943797734264,19531.207848737933,19557.111349181403,37
2023-01-21 11:00:00,19571.314083065958,19573.85318201532,19564.8722150508,19566.753803617095,17
2023-01-21 12:00:00,19574.822222285537,19573.920202255027,19570.525357149745,19571.533410388536,348
2023-01-21 13:00:00,19564.508904313854,19567.91079703887,19550.384580540867,19565.174550705004,310
2023-01-21 14:00:00,19541.319457949685,19547.54306314491,19537.370750667233,19541.02214515504,548
2023-01-21 15:00:00,19537.828015445288,19541.113276611897,19531.602021276918,19535.888392198984,390
2023-01-21 16:00:00,19539.719522355714,19549.34831361259,19536.506145070132,19540.035312283657,332
2023-01-21 17:00:00,19527.662534088235,19543.0575671901,19530.12180860226,19534.74930905467,255
2023-01-21 18:00:00,19547.83231807466,19554.810287440698,19529.509728524226,19540.600909974182,889
2023-01-21 19:00:00,19542.163573053742,19538.331031128615,19519.905913417806,19533.654716818026,975
2023-01-21 20:00:00,19541.519541328005,19538.710575046338,19530.042407788766,19538.592871934696,267
2023-01-21 21:00:00,19553.91547231511,19562.30996929726,19537.62887627767,19548.59379176443,491
2023-01-21 22:00:00,19547.536732967485,19557.71181235585,19544.069611284976,19548.3904831992,538
2023-01-21 23:00:00,19556.593885081144,19567.714940537044,19548.89120786082,19553.059554825297,45
2023-01-22 00:00:00,19541.3957391483,19549.523579399975,19532.76698788934,19540.44132360841,132
2023-01-22 01:00:00,19553.026965019864,19553.970655011854,19543.28281962426,19549.309465710045,803
2023-01-22 02:00:00,19557.170263520064,19561.439803339003,19536.943276174603,19554.44285184466,136
2023-01-22 03:00:00,19546.75653291351,19556.946653925417,19550.751645012646,19550.8397162613,597
2023-01-22 04:00:00,19570.262868250175,19578.647491874275,19563.372935931973,19567.937089763127,889
2023-01-22 05:00:00,19554.824803949177,19558.34366871298,19547.817518367105,19551.608339768096,523
2023-01-22 06:00:00,19561.42294260553,19571.919355062008,19560.25220219368,19562.67136830311,527
2023-01-22 07:00:00,19565.76320755633,19585.200721671972,19550.82450798759,19563.757383511867,637
2023-01-22 08:00:00,19571.82585730319,19576.879818504425,19565.318667041312,19569.04715530722,850
2023-01-22 09:00:00,19556.68213370168,19559.654351894296,19554.640046763798,19558.186501755856,85
2023-01-22 10:00:00,19555.415737548665,19548.0184007425,19539.557265724026,19547.62830121392,43
2023-01-22 11:00:00,19540.138112465454,19547.87108529817,19535.19058502465,19541.216570621793,781
2023-01-22 12:00:00,19528.00031998423,19534.340589810115,19527.130062090513,19529.541151208916,338
2023-01-22 13:00:00,19540.435895560295,19550.459487109707,19533.418706654225,19537.52280715269,567
2023-01-22 14:00:00,19531.93016138247,19536.34574185445,19519.013080233064,19532.996895937693,300
2023-01-22 15:00:00,19530.801383438506,19533.722138437377,19531.675514099556,19533.58121677582,764
2023-01-22 16:00:00,19546.75560936081,19569.082751309834,19547.3644240098,19550.56694633306,878
2023-01-22 17:00:00,19553.529025750468,19560.44343708661,19543.910870471125,19546.728995271835,274
2023-01-22 18:00:00,19540.55223935936,19551.615899254728,19534.816338983812,19547.713225821724,636
2023-01-22 19:00:00,19546.256866535106,19554.46379969334,19546.476290300667,19552.713205193402,45
2023-01-22 20:00:00,19549.880938339444,19557.737920072064,19545.778415528624,19552.323863218706,280
2023-01-22 21:00:00,19545.48821956926,19562.250874504327,19542.919268608253,19547.318778492347,830
2023-01-22 22:00:00,19564.03325692685,19570.150194477257,19539.78856196034,19557.511801987206,943
2023-01-22 23:00:00,19544.240764826576,19550.71056485855,19546.921290014063,19547.647622507022,83
2023-01-23 00:00:00,19567.526384101562,19568.676948682638,19551.472552712912,19562.710143109456,163
2023-01-23 01:00:00,19555.321864612833,19560.840108459863,19550.698785019245,19553.85183660808,864
2023-01-23 02:00:00,19542.83563260222,19564.413451663524,19546.898277206452,19551.451985506166,536
2023-01-23 03:00:00,19545.101288420123,19550.161457568553,19542.92618642053,19546.87887681364,887
2023-01-23 04:00:00,19548.908937020915,19550.987917034545,19536.375881444135,19547.0483106814,357
2023-01-23 05:00:00,19560.749306200883,19571.36582267315,19555.555732205165,19561.907418810893,694
2023-01-23 06:00:00,19562.090138103616,19565.301746853816,19546.458046460193,19560.114432431255,568
2023-01-23 07:00:00,19565.25319193551,19565.445970707933,19554.382102390384,19564.3712209678,754
2023-01-23 08:00:00,19578.62523508435,19586.582926645697,19569.303277740448,19573.757389929004,16
2023-01-23 09:00:00,19597.873808729975,19593.371476977278,19572.127365629607,19584.451903679485,412
2023-01-23 10:00:00,19589.834964976388,19602.285384113093,19574.467525331827,19586.790040619177,337
2023-01-23 11:00:00,19578.67528784245,19597.162098266548,19567.480611733234,19583.702433735245,16
2023-01-23 12:00:00,19598.806239382775,19598.903706721856,19585.71466259272,19593.12070334247,360
2023-01-23 13:00:00,19606.068995196358,19601.38506500189,19595.200280838166,19598.5624117752,690
2023-01-23 14:00:00,19605.35397480221,19621.277764458897,19606.163098516365,19607.28035317331,126
2023-01-23 15:00:00,19617.529710631323,19641.009256924164,19621.387993763885,19621.414607396582,366
2023-01-23 16:00:00,19648.224874048356,19648.093204528224,19622.439472983882,19639.997697062798,95
2023-01-23 17:00:00,19627.70581936968,19639.141703575406,19629.600815544884,19632.65110577343,94
2023-01-23 18:00:00,19653.0110131222,19659.85255214734,19628.663428378884,19644.097442791113,158
2023-01-23 19:00:00,19662.089515609525,19679.955535952686,19653.826277136857,19662.346124203137,128
2023-01-23 20:00:00,19665.46511684125,19671.844095879704,19668.1325590102,19670.763807870277,403
2023-01-23 21:00:00,19672.144841940673,19685.63890198207,19670.122182452025,19672.847838136757,877
2023-01-23 22:00:00,19689.562698043515,19701.136607876026,19682.179882665958,19688.256550414837,861
2023-01-23 23:00:00,19690.827552595973,19705.16274656745,19686.171754594157,19692.33049131274,766
2023-01-24 00:00:00,19682.777312677383,19696.323249124493,19676.28213634881,19684.880802729294,315
2023-01-24 01:00:00,19694.133282513372,19710.823733176894,19685.921397013874,19694.927575565256,207
2023-01-24 02:00:00,19712.66558474747,19726.636244755035,19706.59849999705,19709.60770519107,243
2023-01-24 03:00:00,19695.194861154327,19697.995766901273,19676.091747194747,19694.842044173776,60
2023-01-24 04:00:00,19699.448895713245,19720.53370039522,19688.168227784678,19705.812961535565,772
2023-01-24 05:00:00,19712.655637576598,19728.33550218476,19699.54852059212,19707.80366406003,751
2023-01-24 06:00:00,19714.051606209487,19712.72160018078,19710.69602959628,19711.01194283079,887
2023-01-24 07:00:00,19726.654657962696,19732.22827348888,19722.070236739986,19729.3952722565,40
2023-01-24 08:00:00,19730.14418442895,19739.58809206876,19724.42813665098,19730.896494275723,178
2023-01-24 09:00:00,19718.194409120544,19723.982877945444,19702.61902582875,19715.336172308813,112
2023-01-24 10:00:00,19720.952163437407,19735.528548574897,19706.57103654182,19716.661316961785,770
2023-01-24 11:00:00,19722.4694380214,19726.086909408936,19704.63559103171,19718.751100766633,91
2023-01-24 12:00:00,19701.620948732125,19702.288062667394,19684.271748717238,19698.993607245397,892
2023-01-24 13:00:00,19685.81911497606,19699.14616853707,19690.89899528439,19692.278995134773,457
2023-01-24 14:00:00,19697.714789079146,19709.234048934057,19694.084278616636,19697.040830062928,502
2023-01-24 15:00:00,19704.512725463945,19721.707140516995,19694.837811753572,19704.349109307157,464
2023-01-24 16:00:00,19697.525875503237,19703.557130399873,19690.299991634252,19698.21140418452,315
2023-01-24 17:00:00,19695.150672050637,19705.915460290344,19683.926543945232,19693.92336889151,672
2023-01-24 18:00:00,19704.022753252415,19703.973000327325,19696.45076179585,19696.981418972893,609
2023-01-24 19:00:00,19688.154120655727,19687.35035857932,19683.008581121692,19686.42497406855,514
2023-01-24 20:00:00,19702.898528000074,19709.904502573238,19691.56846362453,19704.367751907554,91
2023-01-24 21:00:00,19714.86672409378,19720.63394553873,19688.209623601637,19716.284020907715,547
2023-01-24 22:00:00,19728.57043628682,19736.620980342283,19725.23129924364,19727.233436514012,737
2023-01-24 23:00:00,19717.35133767709,19719.17469435175,19707.992808688094,19717.03070872235,383
2023-01-25 00:00:00,19716.115481576213,19736.97738097276,19718.83093359893,19723.302653146882,60
2023-01-25 01:00:00,19730.32000156,19730.576216012778,19718.807426669322,19729.64127183086,721
2023-01-25 02:00:00,19747.808996859323,19747.72246595153,19722.728967585543,19742.95138378666,593
2023-01-25 03:00:00,19741.991444070347,19746.783408539442,19732.787859870572,19735.340614189263,876
2023-01-25 04:00:00,19720.99006274785,19739.336127276674,19726.895776527752,19732.317424753604,319
2023-01-25 05:00:00,19712.091372694093,19724.349726061657,19704.626614458026,19717.667429026165,490
2023-01-25 06:00:00,19713.81359969118,19716.6469544013,19701.540292456786,19709.91113985714,199
2023-01-25 07:00:00,19706.284829391596,19714.309796291996,19694.859259149034,19709.356463154403,776
2023-01-25 08:00:00,19694.74230001549,19701.84767014155,19680.95471054269,19696.534205536613,911
2023-01-25 09:00:00,19675.01662048934,19690.27732127246,19675.7821815424,19676.34542357388,371
2023-01-25 10:00:00,19686.510981056403,19692.525509804887,19684.17839581194,19692.23641303264,350
2023-01-25 11:00:00,19678.98384567712,19698.518669636615,19678.0228214043,19680.112327672105,47
2023-01-25 12:00:00,19698.22368551918,19690.824515355616,19686.054517951812,19690.453982253777,563
2023-01-25 13:00:00,19701.65714957581,19697.658302187843,19689.372597576275,19694.679858932894,555
2023-01-25 14:00:00,19695.120022298986,19712.670730324575,19689.712397805743,19696.664580659653,463
2023-01-25 15:00:00,19683.67719628916,19695.45081029589,19676.451840959933,19687.354416856797,410
2023-01-25 16:00:00,19701.526367357877,19708.28400432711,19692.151970088515,19694.66857241677,874
2023-01-25 17:00:00,19714.246205429732,19706.903516999595,19694.627659719874,19705.676184048374,558
2023-01-25 18:00:00,19685.003159012234,19696.983086448916,19683.508814923847,19692.874848376403,500
2023-01-25 19:00:00,19682.57457338872,19689.752758752587,19673.086974499063,19684.239540464976,836
2023-01-25 20:00:00,19689.236837574088,19691.323740112086,19678.00433041311,19685.12543307691,137
2023-01-25 21:00:00,19675.450401423896,19682.895527123375,19659.81202918172,19675.30881681999,437
2023-01-25 22:00:00,19692.771186085938,19691.022312628626,19677.746073435475,19689.53413899478,538
2023-01-25 23:00:00,19687.297778656754,19702.751082307113,19689.77829562279,19691.429213875435,430
2023-01-26 00:00:00,19680.895820250145,19690.01015231421,19679.649988593534,19680.870646771054,653
2023-01-26 01:00:00,19694.083409849594,19699.849590145506,19691.702130725058,19694.82425166567,594
2023-01-26 02:00:00,19676.112875133098,19691.559051082913,19671.770024226123,19680.704447132764,252
2023-01-26 03:00:00,19702.645277451637,19701.537108236655,19690.77432511327,19692.78312867072,412
2023-01-26 04:00:00,19691.859195089834,19707.6130720146,19689.970771880966,19691.514859786,283
2023-01-26 05:00:00,19694.849423376887,19695.988165964525,19683.313580295788,19693.531936206302,45
2023-01-26 06:00:00,19685.73115686858,19706.357237737713,19688.28331212569,19688.8033794782,603
2023-01-26 07:00:00,19700.8481622201,19708.344910996686,19674.74918992569,19696.092743129815,463
2023-01-26 08:00:00,19704.25750070582,19702.1891604711,19685.44007142737,19700.247415318892,173
2023-01-26 09:00:00,19702.163911765547,19702.260533620803,19695.68146016039,19698.368287392026,457
2023-01-26 10:00:00,19694.833657716026,19702.42224866482,19687.45251048209,19701.309652571043,201
2023-01-26 11:00:00,19693.07250652455,19716.19820641182,19685.287771021693,19700.65623991912,749
2023-01-26 12:00:00,19709.38387853113,19725.051777331035,19710.38702383379,19712.14924245698,873
2023-01-26 13:00:00,19726.986190012634,19733.212529057222,19707.84803649349,19721.685720671554,876
2023-01-26 14:00:00,19726.286458793216,19724.84322169392,19711.95055963999,19724.367384821293,816
2023-01-26 15:00:00,19724.05254681227,19757.291294987313,19728.652086229926,19732.552050908587,190
2023-01-26 16:00:00,19730.179115004506,19732.693451714105,19709.229049742626,19729.940048626835,56
2023-01-26 17:00:00,19728.482336457113,19750.603570854084,19725.60594916644,19732.709904458523,715
2023-01-26 18:00:00,19727.444638183446,19725.223946309496,19720.66228583465,19722.418347409275,460
2023-01-26 19:00:00,19700.1708663556,19704.554663938987,19692.88549144357,19697.088350968883,226
2023-01-26 20:00:00,19723.6439919572,19715.759116598303,19699.471275355718,19715.480779893027,47
2023-01-26 21:00:00,19721.14939007877,19720.748580068135,19698.923641362595,19711.25248945452,453
2023-01-26 22:00:00,19731.15049589938,19727.825119429894,19702.74795482957,19723.85684473494,569
2023-01-26 23:00:00,19727.110430815675,19734.02279977684,19702.211970604647,19725.205678863123,43
2023-01-27 00:00:00,19718.85874526719,19720.230367100437,19699.687056672432,19718.756237678277,936
2023-01-27 01:00:00,19715.659623176693,19716.758274563756,19707.233431486504,19715.60311507818,108
2023-01-27 02:00:00,19708.99354243254,19706.95206562352,19701.695074174644,19704.043061949727,420
2023-01-27 03:00:00,19692.05772628691,19701.9256368078,19693.51652701891,19695.552527158474,223
2023-01-27 04:00:00,19709.248722695746,19717.77742542159,19708.87923945189,19709.76108391305,359
2023-01-27 05:00:00,19725.60028014022,19725.678286839386,19712.620108383806,19723.171293725736,652
2023-01-27 06:00:00,19707.19261386823,19722.308246212066,19711.14756724733,19711.23458590775,801
2023-01-27 07:00:00,19703.89849365199,19705.875722991343,19697.12702189689,19697.45734180207,976
2023-01-27 08:00:00,19688.91087863557,19705.793196326653,19683.674494644234,19697.213885076973,879
2023-01-27 09:00:00,19681.268510148915,19694.41207755381,19680.323120395195,19681.926111164343,63
2023-01-27 10:00:00,19682.111464315996,19690.210835190315,19682.68127726599,19683.809423759612,877
2023-01-27 11:00:00,19700.68695978472,19700.418978418867,19686.277716728757,19696.120414500903,258
2023-01-27 12:00:00,19713.31402573332,19714.30836697268,19706.601665085054,19711.623064718136,61
2023-01-27 13:00:00,19714.79002414904,19716.980093866157,19696.153389247665,19711.680878311705,353
2023-01-27 14:00:00,19719.969465817223,19717.41767917594,19704.669797980732,19710.958563131422,968
2023-01-27 15:00:00,19695.180117186756,19708.28957608869,19702.817849224873,19707.83374792534,99
2023-01-27 16:00:00,19688.544406950965,19709.932504736003,19696.256341850196,19697.894068022288,756
2023-01-27 17:00:00,19710.791626316262,19714.26798756283,19705.13641572705,19712.09077070679,961
2023-01-27 18:00:00,19729.79485606794,19723.22293235086,19707.902521859334,19722.741362999408,537
2023-01-27 19:00:00,19708.190177308614,19720.30211626988,19687.920715694643,19709.334952209145,261
2023-01-27 20:00:00,19704.777928126037,19720.83883844713,19685.408736921465,19699.426673392594,478
2023-01-27 21:00:00,19694.329091250307,19705.787041661493,19693.471004723644,19694.438324272134,195
2023-01-27 22:00:00,19693.035184061,19710.83410684107,19682.292936507038,19696.889499787085,751
2023-01-27 23:00:00,19695.263041114737,19700.851316070843,19693.327590894696,19698.986938323753,14
2023-01-28 00:00:00,19703.36790547616,19713.57877797307,19702.504292436046,19707.898407928576,83
2023-01-28 01:00:00,19723.083964200563,19728.7595981188,19703.22303162626,19716.926172046416,828
2023-01-28 02:00:00,19723.229745708464,19735.572893596312,19714.10904302237,19721.86648287491,761
2023-01-28 03:00:00,19717.61360074145,19738.0211034015,19720.21924899099,19721.74073774664,304
2023-01-28 04:00:00,19723.328740331217,19722.313748778597,19714.186446769814,19719.69653953339,802
2023-01-28 05:00:00,19728.666323030702,19742.411870317526,19718.70213182665,19731.267839342683,719
2023-01-28 06:00:00,19747.909231802972,19760.27653005001,19740.845540290742,19747.540239979127,218
2023-01-28 07:00:00,19756.879885874376,19767.985146259914,19754.354099955817,19758.04728655004,239
2023-01-28 08:00:00,19740.731398017935,19756.25547418264,19746.161939751924,19748.643340072384,178
2023-01-28 09:00:00,19732.201592341196,19736.634782634515,19728.21387853475,19729.863879380813,118
2023-01-28 10:00:00,19712.366878900662,19718.097003654002,19706.42386715684,19711.418688551537,13
2023-01-28 11:00:00,19714.36890423733,19709.78728235466,19704.21667353032,19708.44305160994,688
2023-01-28 12:00:00,19697.062338037813,19701.506697933208,19697.855402591922,19697.940811046406,68
2023-01-28 13:00:00,19715.266798712437,19724.625280988395,19697.719466489074,19712.411987255513,972
2023-01-28 14:00:00,19725.635307599292,19729.750267209703,19714.25669168022,19728.207267603193,715
2023-01-28 15:00:00,19738.63220137988,19759.958034275114,19743.21182472112,19744.2343914902,70
2023-01-28 16:00:00,19751.147376428446,19760.725098842333,19749.80042942382,19756.145165539016,57
2023-01-28 17:00:00,19787.93323327418,19792.843143138925,19780.373019447834,19789.955169000248,695
2023-01-28 18:00:00,19781.483846953382,19794.651295583586,19778.5093283533,19780.473683968223,29
2023-01-28 19:00:00,19787.76854176652,19796.261457959627,19785.425626051136,19788.466355273038,824
2023-01-28 20:00:00,19791.07872604692,19797.694666000774,19786.85598097229,19787.06770563844,854
2023-01-28 21:00:00,19792.826547215554,19794.004354778484,19782.888015976878,19791.830718708483,425
2023-01-28 22:00:00,19783.202904451402,19791.216935570654,19782.304544381182,19790.808537996647,210
2023-01-28 23:00:00,19785.960451398765,19791.427674840055,19782.13022519039,19783.476810494936,938
2023-01-29 00:00:00,19813.892716132093,19810.250487140594,19794.667066106107,19806.800184301803,55
2023-01-29 01:00:00,19801.779594453947,19815.368326325024,19789.358843784546,19799.896699255394,726
2023-01-29 02:00:00,19785.947803863226,19790.702546199554,19776.640446249738,19784.994097099996,972
2023-01-29 03:00:00,19794.330803111763,19798.253596814513,19782.574187657257,19793.38887650942,616
2023-01-29 04:00:00,19804.489120164184,19810.567677119823,19798.9536189763,19799.005334139914,123
2023-01-29 05:00:00,19783.35823052517,19794.006153411014,19759.14264707098,19780.10431146772,686
2023-01-29 06:00:00,19768.999769297392,19768.127145995426,19760.1148698872,19765.5805448481,987
2023-01-29 07:00:00,19762.233548020788,19771.496727984588,19748.30948738067,19758.162869861524,489
2023-01-29 08:00:00,19743.513572098334,19762.527460431575,19746.07160794678,19747.1448733336,717
2023-01-29 09:00:00,19750.007603910264,19766.26140003151,19756.97453062187,19757.166742793564,415
2023-01-29 10:00:00,19752.922314918163,19757.213873889054,19750.959650665118,19752.665473866142,745
2023-01-29 11:00:00,19749.522562126353,19758.52318509271,19748.459875274555,19748.804297589177,110
2023-01-29 12:00:00,19750.44067563892,19759.01894841699,19744.646975537766,19751.28009225316,449
2023-01-29 13:00:00,19756.01404924624,19760.137452723586,19752.475002140458,19759.04504076371,254
2023-01-29 14:00:00,19751.12559711809,19761.329472162615,19752.361723482514,19753.803390582376,295
2023-01-29 15:00:00,19757.03128303607,19764.304679905057,19753.868430460883,19762.035774990876,801
2023-01-29 16:00:00,19751.092658771646,19761.272103073024,19750.907637639255,19754.783242210066,328
2023-01-29 17:00:00,19776.24436000894,19772.49701486163,19768.559795430807,19769.71117185186,850
2023-01-29 18:00:00,19760.36990864482,19771.217553265644,19743.703024731698,19764.31901504136,593
2023-01-29 19:00:00,19763.800389798515,19766.822851507004,19763.090505997126,19765.24973990755,796
2023-01-29 20:00:00,19780.627528512687,19782.528363354402,19761.593789441504,19776.2245354917,523
2023-01-29 21:00:00,19795.526452196653,19793.432479052426,19790.73010641337,19793.210279436433,151
2023-01-29 22:00:00,19785.479260728192,19796.187672670378,19774.613216122005,19785.135253799137,697
2023-01-29 23:00:00,19788.512312059353,19795.081959042753,19779.187715539458,19787.67280089559,170
2023-01-30 00:00:00,19782.6974521892,19777.93651091292,19763.0189107631,19774.410658438617,829
2023-01-30 01:00:00,19788.260911674723,19806.888303354128,19786.707845888955,19790.13355340138,811
2023-01-30 02:00:00,19785.95960066217,19792.533107751045,19780.64459469396,19785.722105893146,121
2023-01-30 03:00:00,19792.61799392044,19790.907518193348,19788.410907651272,19788.73687186965,436
2023-01-30 04:00:00,19774.80757421246,19785.334364193273,19773.56833637277,19778.527264746084,895
2023-01-30 05:00:00,19789.591747875187,19795.53660365816,19785.213177771642,19789.045386235943,253
2023-01-30 06:00:00,19791.087924819392,19806.074927548103,19788.64529858575,19798.68914157128,424
2023-01-30 07:00:00,19807.86213478826,19825.19947958559,19803.842074907596,19813.033168387432,281
2023-01-30 08:00:00,19793.464974128383,19801.59606791783,19789.903023482024,19799.412588235242,237
2023-01-30 09:00:00,19815.30130760797,19815.881610114873,19806.39289862494,19812.807358715585,283
2023-01-30 10:00:00,19817.650197016897,19816.081351595847,19809.072878848485,19813.31452097406,52
2023-01-30 11:00:00,19839.286036312635,19838.84532067819,19830.767556066687,19831.953167690448,212
2023-01-30 12:00:00,19829.578371102303,19834.1686299582,19827.759702817617,19829.904106951188,734
2023-01-30 13:00:00,19830.26503496965,19849.867585284526,19832.31438992613,19835.15626277051,151
2023-01-30 14:00:00,19839.231505705222,19845.483797813144,19838.230337148994,19843.0575247855,493
2023-01-30 15:00:00,19839.930353411753,19848.6037263728,19844.584598793965,19844.651710967835,218
2023-01-30 16:00:00,19843.411121072662,19849.671096416932,19821.105895235563,19841.760029120116,619
2023-01-30 17:00:00,19833.872752899424,19846.030098790467,19827.079419292033,19834.4180348796,199
2023-01-30 18:00:00,19832.125115873656,19838.178289477582,19831.89093502604,19838.026818254435,389
2023-01-30 19:00:00,19828.819642035174,19833.916566096097,19815.67338737419,19827.223707616926,191
2023-01-30 20:00:00,19823.36466317431,19836.805203326847,19817.865494328715,19825.576641914093,304
2023-01-30 21:00:00,19812.18384271348,19817.000342619074,19808.097778019797,19816.148307080264,460
2023-01-30 22:00:00,19829.858812876282,19839.688502651217,19816.19664300675,19822.207376338603,882
2023-01-30 23:00:00,19823.053960754056,19842.71821647105,19825.411405314768,19828.639276695623,604
2023-01-31 00:00:00,19842.0746535874,19846.742458564375,19822.747193161904,19838.38701975397,843
2023-01-31 01:00:00,19841.11492341849,19842.345387657027,19824.942667348867,19835.136842868596,256
2023-01-31 02:00:00,19832.365230177616,19837.90913658022,19829.911742940025,19830.083846563797,463
2023-01-31 03:00:00,19847.753358369948,19845.511143411582,19833.59731914587,19842.8130329905,879
2023-01-31 04:00:00,19843.45478659318,19852.994708002694,19843.617477779146,19850.2656537269,625
2023-01-31 05:00:00,19861.295340912435,19868.686860448477,19855.12496762153,19860.943025646964,935
2023-01-31 06:00:00,19837.632902768215,19852.641807583077,19849.513503106973,19849.677031801115,987
2023-01-31 07:00:00,19838.259590580998,19839.489028772638,19827.852561369793,19836.944996512895,946
2023-01-31 08:00:00,19859.72011157506,19859.714915358803,19842.666634174933,19857.81333738066,588
2023-01-31 09:00:00,19865.009995194974,19864.824098492438,19845.81477659199,19861.91622812071,786
2023-01-31 10:00:00,19858.95374333172,19871.60246373051,19847.452720176767,19858.61482191183,374
2023-01-31 11:00:00,19893.648161395475,19898.532874032804,19889.810092345047,19892.91320609257,992
2023-01-31 12:00:00,19897.149069368792,19893.832887474196,19885.59689746997,19888.973310643138,775
2023-01-31 13:00:00,19893.792224140834,19900.576722457205,19877.75212281089,19896.5530517899,597
2023-01-31 14:00:00,19897.413794488344,19909.113825751087,19902.595037115603,19903.699126845364,257
2023-01-31 15:00:00,19895.272042417288,19905.91256628428,19883.532586889192,19894.690823001976,641
2023-01-31 16:00:00,19881.050824508846,19885.781499405188,19878.225524646154,19882.215705981802,134
2023-01-31 17:00:00,19893.855077895092,19901.3241294178,19890.873748698552,19896.7746047509,144
2023-01-31 18:00:00,19895.152251857457,19895.655124394758,19892.847962532574,19894.2630156959,438
2023-01-31 19:00:00,19891.36431972716,19901.241301534603,19885.220888637145,19889.849296322613,260
2023-01-31 20:00:00,19867.920035870182,19872.115563835712,19863.552742649405,19866.851898782046,120
2023-01-31 21:00:00,19872.490482677564,19876.53889453277,19856.224227904724,19872.58421264332,671
2023-01-31 22:00:00,19891.329811362768,19901.322993468937,19875.186666494727,19893.21562328062,293
2023-01-31 23:00:00,19878.5742911355,19897.422863528263,19882.884655317026,19883.10079592584,538
2023-02-01 00:00:00,19879.459422331118,19888.287106772837,19876.940464508487,19885.580672172,195
2023-02-01 01:00:00,19889.508339322972,19894.792082152297,19890.902550774194,19894.26427964657,283
2023-02-01 02:00:00,19879.826449695563,19884.63708695151,19871.27081930035,19879.07243239169,771
2023-02-01 03:00:00,19883.46879906171,19891.02716433068,19875.2892251737,19883.202347506667,403
2023-02-01 04:00:00,19876.40063267399,19872.194617855203,19864.233506971403,19869.71300926755,750
2023-02-01 05:00:00,19857.9082506744,19869.33365981186,19843.361996981723,19865.57229088387,747
2023-02-01 06:00:00,19879.408544754053,19876.05450108175,19860.35816081863,19871.808533185773,440
2023-02-01 07:00:00,19866.33774592142,19886.49549863239,19867.123441753385,19874.85405008743,846
2023-02-01 08:00:00,19879.889699939475,19906.06364077483,19881.44557979385,19881.614703826363,530
2023-02-01 09:00:00,19895.553455469184,19908.4189919726,19887.338331467137,19891.10473595074,615
2023-02-01 10:00:00,19903.09182445853,19904.210654293835,19884.666664415377,19901.395540408987,628
2023-02-01 11:00:00,19910.29325172321,19920.663451148805,19911.510347148545,19911.748075901694,176
2023-02-01 12:00:00,19919.27978569417,19924.888731295006,19918.718873398375,19923.22445316949,564
2023-02-01 13:00:00,19913.76229535974,19916.516942209033,19908.29407018492,19909.516458901067,133
2023-02-01 14:00:00,19912.327396654022,19913.596949908337,19908.413158308766,19909.467252153307,992
2023-02-01 15:00:00,19907.470530930692,19913.425523119076,19896.447425367718,19904.880111158018,504
2023-02-01 16:00:00,19910.832970373795,19907.639859169336,19904.130360930416,19906.14104418519,82
2023-02-01 17:00:00,19895.956818126553,19904.277383366392,19892.290135142986,19896.59993305194,674
2023-02-01 18:00:00,19887.71354511326,19899.309419732435,19894.31845166289,19895.50384997255,582
2023-02-01 19:00:00,19894.47151716943,19906.792035262904,19898.67280158409,19900.247616100547,993
2023-02-01 20:00:00,19897.864351509063,19890.08504403981,19872.082423632055,19889.753904256468,658
2023-02-01 21:00:00,19871.341601017524,19875.39887833558,19868.954143156843,19871.520634917586,226
2023-02-01 22:00:00,19868.6967858786,19872.6372410574,19856.18275323364,19865.857278573323,591
2023-02-01 23:00:00,19861.65184686548,19860.95017486484,19853.12934639063,19860.212588077073,364
2023-02-02 00:00:00,19857.856115367464,19862.134993823405,19835.73941596526,19858.686376513106,558
2023-02-02 01:00:00,19833.06816914405,19836.634711200666,19835.1329182589,19836.621158223865,705
2023-02-02 02:00:00,19839.67744093537,19839.145400835685,19834.71227972543,19836.176475222586,481
2023-02-02 03:00:00,19824.09506773967,19835.9406626529,19827.46511510254,19830.762363422156,581
2023-02-02 04:00:00,19828.907202822877,19855.684096598194,19839.371222896545,19843.180331866814,158
2023-02-02 05:00:00,19810.48654730066,19821.6789884343,19784.142080786198,19815.660407738607,916
2023-02-02 06:00:00,19823.449122829574,19838.072603429584,19819.44570851472,19824.266441855096,107
2023-02-02 07:00:00,19813.84845443547,19828.887310398473,19790.90481636301,19813.997733698805,394
2023-02-02 08:00:00,19800.83158102832,19818.932899474425,19779.030151495794,19801.439685513826,480
2023-02-02 09:00:00,19810.913030843327,19825.263973961966,19797.924916630047,19806.863522950956,452
2023-02-02 10:00:00,19814.419092688775,19815.97012896548,19797.531808795844,19805.439023139155,505
2023-02-02 11:00:00,19801.494144361597,19843.928927049663,19803.35442891139,19808.993315008684,930
2023-02-02 12:00:00,19815.791636152644,19820.592308768722,19811.51696643448,19813.61976595355,302
2023-02-02 13:00:00,19800.33437465765,19807.52039965758,19789.711681041364,19798.198007593808,425
2023-02-02 14:00:00,19812.381438645978,19814.91698403753,19806.167663211218,19810.79945834522,995
2023-02-02 15:00:00,19811.51192061765,19816.526504958267,19812.411371469603,19813.291435939802,865
2023-02-02 16:00:00,19817.674154624816,19823.423907322976,19818.35903048577,19819.746931361275,39
2023-02-02 17:00:00,19814.65760276834,19812.443096570616,19796.54576851509,19808.596940523334,183
2023-02-02 18:00:00,19810.32855062808,19811.486938363043,19777.658046940538,19807.781572295335,212
2023-02-02 19:00:00,19812.71591385709,19821.74180284764,19808.20990594974,19820.193211411635,843
2023-02-02 20:00:00,19797.871755172084,19818.744980615582,19801.494233040787,19807.810122517192,330
2023-02-02 21:00:00,19812.829454285642,19817.269052028547,19805.958322191706,19813.09226915027,990
2023-02-02 22:00:00,19814.6511606197,19823.00737040628,19810.291808841022,19818.107734521684,504
2023-02-02 23:00:00,19802.55417894339,19797.23597481282,19787.73133577431,19796.78792636678,940
2023-02-03 00:00:00,19786.665174297417,19788.891190414328,19784.732892299144,19787.635107300757,892
2023-02-03 01:00:00,19772.462962740134,19778.234666160144,19772.442283257173,19777.988198313124,28
2023-02-03 02:00:00,19768.491133856904,19774.362207793693,19752.795953702516,19767.7519265259,297
2023-02-03 03:00:00,19778.665511764953,19774.663804876105,19764.21050119426,19773.18247912302,596
2023-02-03 04:00:00,19751.6402893792,19783.469396989352,19756.88699433875,19759.08044049099,273
2023-02-03 05:00:00,19759.090476960235,19758.56484341817,19737.710077056665,19755.70383248599,641
2023-02-03 06:00:00,19750.764498296412,19754.45111748324,19741.773300037203,19748.774719038127,766
2023-02-03 07:00:00,19761.005057020655,19758.972424509844,19747.994500680168,19756.484152380926,153
2023-02-03 08:00:00,19777.15660250016,19783.658932570124,19781.994631130456,19782.33123706709,900
2023-02-03 09:00:00,19787.322139467662,19797.33090771366,19779.5406738254,19780.588238762277,792
2023-02-03 10:00:00,19775.522251544815,19788.725062489437,19760.76516707272,19774.457389171504,852
2023-02-03 11:00:00,19769.177432059758,19760.50974289849,19737.87062961719,19758.570686454048,199
2023-02-03 12:00:00,19779.445814359035,19777.063896594285,19770.819328036345,19776.822199278766,600
2023-02-03 13:00:00,19783.66799439833,19785.560115107564,19769.689341292327,19778.767095313393,760
2023-02-03 14:00:00,19760.9415429107,19780.326702820235,19757.930367872832,19768.138181835988,741
2023-02-03 15:00:00,19762.045954599653,19768.248386779072,19754.300188644767,19764.57048268336,142
2023-02-03 16:00:00,19777.480677953834,19789.693743786447,19762.67569431547,19779.213545677907,336
2023-02-03 17:00:00,19767.096789494906,19777.902103946413,19763.719196164748,19773.131222590066,252
2023-02-03 18:00:00,19782.62459367355,19770.11081260748,19764.31984033334,19769.374953410235,978
2023-02-03 19:00:00,19767.400208029278,19777.238466603325,19764.850390890126,19768.007409577556,79
2023-02-03 20:00:00,19764.276684914388,19770.625505042142,19764.898789581825,19768.432567601492,495
2023-02-03 21:00:00,19777.84436137558,19790.53821958397,19767.45923935363,19774.97264064361,220
2023-02-03 22:00:00,19776.275139902955,19794.90686812393,19770.352120728687,19776.175842316763,352
2023-02-03 23:00:00,19787.2538654126,19792.355184308748,19785.994584067463,19791.690709706967,897
2023-02-04 00:00:00,19808.351233185476,19813.08301143069,19795.40980956837,19804.083376238446,285
2023-02-04 01:00:00,19813.11440837892,19830.871194574138,19809.435605026527,19811.948195493842,116
2023-02-04 02:00:00,19816.369454345855,19817.536234884727,19801.740995370565,19809.825694899613,496
2023-02-04 03:00:00,19826.357183363823,19842.719391380604,19812.333061263776,19822.445242210793,43
2023-02-04 04:00:00,19814.382164971194,19823.51308881992,19808.059931494427,19819.37631915128,659
2023-02-04 05:00:00,19819.447753868513,19825.460109223615,19813.3787676749,19819.016768798712,290
2023-02-04 06:00:00,19811.925665067578,19828.588513892293,19813.925596489506,19815.78356730668,58
2023-02-04 07:00:00,19824.5473611133,19833.561744139955,19821.94493764233,19824.630999123787,232
2023-02-04 08:00:00,19837.08684751774,19858.758704360393,19842.97635515879,19843.061562370924,725
2023-02-04 09:00:00,19842.92531601127,19852.75577351892,19839.56107469014,19839.565747876422,217
2023-02-04 10:00:00,19845.941268203853,19842.07129215028,19828.75927140819,19838.62093188569,383
2023-02-04 11:00:00,19815.37694008184,19843.992904025483,19816.932676839668,19823.6740774856,797
2023-02-04 12:00:00,19809.881856613014,19811.21335447163,19807.606894548342,19808.77056903572,562
2023-02-04 13:00:00,19805.375331378393,19811.261949146032,19798.193550876855,19803.94313839787,429
2023-02-04 14:00:00,19811.690527667528,19813.667183577374,19805.43432485073,19806.736055640005,948
2023-02-04 15:00:00,19795.598119883114,19800.994621856902,19796.922750062542,19798.803513651725,109
2023-02-04 16:00:00,19797.15323338192,19802.9354613223,19799.598385933663,19802.04911045401,364
2023-02-04 17:00:00,19815.392456787227,19819.445120202407,19796.47818319555,19813.802871279157,134
2023-02-04 18:00:00,19813.225170377325,19816.951494962832,19806.110871911507,19813.180402895654,689
2023-02-04 19:00:00,19813.931477721744,19817.18422221232,19812.123737692305,19813.261715106877,996
2023-02-04 20:00:00,19816.785190528928,19829.61609516595,19808.64995432968,19812.705482849356,589
2023-02-04 21:00:00,19810.57025635747,19810.36591070429,19799.994436741752,19810.093104724434,682
2023-02-04 22:00:00,19826.851872889216,19829.761747988166,19819.054163739052,19825.176382093916,99
2023-02-04 23:00:00,19825.153648447857,19839.33350133503,19813.622186308396,19823.104870048337,528
2023-02-05 00:00:00,19817.98851205677,19826.357162701446,19814.380190384465,19818.161744446945,91
2023-02-05 01:00:00,19826.998417949766,19850.505946436824,19816.894354241347,19825.783175694472,548
2023-02-05 02:00:00,19809.955035375537,19823.396358325215,19809.89007327464,19815.396138772845,180
2023-02-05 03:00:00,19815.692674278678,19820.94177046019,19789.660372974766,19820.18411983949,673
2023-02-05 04:00:00,19810.98817599022,19831.646731480436,19808.589454405337,19816.980804032613,719
2023-02-05 05:00:00,19826.89311953483,19818.2411116465,19816.594376779754,19817.86946848438,38
2023-02-05 06:00:00,19808.893224286177,19816.356537963264,19797.913624505458,19804.176836119674,786
2023-02-05 07:00:00,19807.759177228105,19807.56926177627,19805.39382291627,19807.300925382315,708
2023-02-05 08:00:00,19785.598843852815,19807.78229280274,19788.47963192519,19792.491994506654,549
2023-02-05 09:00:00,19788.73078770111,19795.070591659147,19786.569282423727,19788.72525693557,530
2023-02-05 10:00:00,19773.56460532082,19781.57071326724,19765.451551880564,19780.70890257598,662
2023-02-05 11:00:00,19786.448756584934,19792.454723990253,19776.09793460256,19783.467879944397,798
2023-02-05 12:00:00,19789.400209811378,19785.653811968925,19775.364250962593,19782.48843045741,875
2023-02-05 13:00:00,19765.250089788013,19780.9462216197,19749.152477909392,19774.725220631753,738
2023-02-05 14:00:00,19762.712104161277,19767.92726497281,19752.233519052606,19760.74008687628,133
2023-02-05 15:00:00,19771.019031454278,19770.725451063005,19768.977068530723,19769.497619500868,15
2023-02-05 16:00:00,19766.851855906178,19767.46710593459,19749.92645981784,19765.580593414634,975
2023-02-05 17:00:00,19768.895114022547,19786.980088347475,19761.756548928683,19768.68244115673,959
2023-02-05 18:00:00,19770.99190519962,19768.68612273838,19748.701246073706,19762.341154755442,735
2023-02-05 19:00:00,19756.294662590735,19763.383509510488,19747.78927600741,19757.15923756389,558
2023-02-05 20:00:00,19734.271775434376,19744.328715230993,19733.515110685054,19741.216369851412,805
2023-02-05 21:00:00,19752.44279269758,19762.210950598444,19732.283035788285,19746.52079814935,348
2023-02-05 22:00:00,19733.14065314757,19746.238471516204,19715.470039465,19728.127264825067,302
2023-02-05 23:00:00,19728.928579936444,19729.028617321823,19724.85793152448,19727.034614250675,54
2023-02-06 00:00:00,19725.834216593943,19741.360993828526,19724.453149279303,19730.594912000553,108
2023-02-06 01:00:00,19726.60887150398,19736.930927394664,19720.317486538886,19726.205850702394,667
2023-02-06 02:00:00,19707.89307382021,19720.253230959144,19702.369244859092,19711.63608717122,756
2023-02-06 03:00:00,19716.040717210228,19712.73861072476,19704.98787104513,19712.42087353224,157
2023-02-06 04:00:00,19702.672262133583,19711.97098659176,19689.00456735579,19711.179807694545,693
2023-02-06 05:00:00,19694.827943337972,19698.737776820333,19689.769444695503,19694.437863911146,864
2023-02-06 06:00:00,19701.764942711838,19711.47817580305,19679.900901370987,19706.71478441352,677
2023-02-06 07:00:00,19691.402458151155,19703.200875330713,19688.71297612298,19694.686664360204,105
2023-02-06 08:00:00,19709.04983618479,19722.015989222986,19708.865980126604,19708.90615212424,45
2023-02-06 09:00:00,19704.502076238055,19704.95425383946,19695.71161928742,19702.473256175977,517
2023-02-06 10:00:00,19703.803525407708,19708.658790535068,19689.125797734196,19699.8925555877,462
2023-02-06 11:00:00,19701.09547238878,19711.93486383578,19693.05023608231,19697.52857790923,49
2023-02-06 12:00:00,19687.42151020667,19701.323043688517,19684.984137030267,19690.62765135723,739
2023-02-06 13:00:00,19695.91260161387,19707.228855364105,19681.02323914255,19692.119685493315,415
2023-02-06 14:00:00,19670.542566051252,19699.767683315105,19674.58758450671,19674.97276576436,177
2023-02-06 15:00:00,19664.422735322187,19678.677032149866,19656.233807881057,19672.816519183223,271
2023-02-06 16:00:00,19677.750748582734,19680.22047084711,19669.459978847917,19671.69158979085,42
2023-02-06 17:00:00,19680.037956545417,19686.860934210945,19679.543784250865,19682.618706336958,415
2023-02-06 18:00:00,19701.068923397826,19717.591905157893,19697.777140973096,19702.685196507184,464
2023-02-06 19:00:00,19720.81991430623,19724.35204151295,19698.520186693997,19712.449708260745,769
2023-02-06 20:00:00,19721.096431349924,19721.674789037796,19706.1949866562,19711.97415313127,445
2023-02-06 21:00:00,19706.340628094404,19705.244957989347,19699.332714627944,19701.674259430467,930
2023-02-06 22:00:00,19717.895499944712,19718.682246287284,19705.86884741601,19705.994636511194,349
2023-02-06 23:00:00,19705.896067688864,19725.349378235424,19711.347812615,19713.790387662957,450
2023-02-07 00:00:00,19727.89440054211,19742.563370099175,19726.064732923183,19728.607134341335,975
2023-02-07 01:00:00,19729.879048147293,19730.232614157976,19719.08678317063,19722.833430945553,536
2023-02-07 02:00:00,19729.674963787726,19734.066830195938,19725.70851070248,19729.311258320846,924
2023-02-07 03:00:00,19739.03099715514,19742.53801941542,19738.816752240167,19741.280342294678,419
2023-02-07 04:00:00,19750.680906039328,19745.007944265817,19723.522050627602,19742.33908191577,137
2023-02-07 05:00:00,19733.152712971656,19738.17780613589,19724.347726916454,19733.518172048927,193
2023-02-07 06:00:00,19730.46968459274,19751.975670871605,19741.0029021925,19741.719276026146,327
2023-02-07 07:00:00,19753.854375431347,19759.892188043075,19749.389890764214,19753.608027986647,11
2023-02-07 08:00:00,19744.72402839161,19760.188321493166,19745.173090385662,19750.101679959243,193
2023-02-07 09:00:00,19744.410499248443,19744.999488939684,19729.09188955488,19738.57742465276,99
2023-02-07 10:00:00,19723.291256502813,19746.436594799357,19728.657129035782,19729.26026623808,688
2023-02-07 11:00:00,19729.154292202602,19744.911787787063,19734.370165570443,19739.72654248793,770
2023-02-07 12:00:00,19739.523149039134,19759.410253427806,19735.214543300954,19741.289698077107,902
2023-02-07 13:00:00,19755.79514060839,19752.39596220053,19729.20808261351,19750.466457828068,96
2023-02-07 14:00:00,19749.87839636198,19747.748155718156,19740.59836387561,19743.554388567536,120
2023-02-07 15:00:00,19750.27805738407,19752.400978458474,19742.56846727114,19746.860916213824,471
2023-02-07 16:00:00,19747.839028814313,19758.881762847996,19742.36447507445,19744.04271523146,89
2023-02-07 17:00:00,19729.743169875175,19748.464244483726,19731.90664573477,19738.98971140104,941
2023-02-07 18:00:00,19742.689896187843,19741.317189297,19738.38589845759,19738.911926851368,280
2023-02-07 19:00:00,19745.69505246312,19744.87518580739,19733.771896960006,19736.873171731775,18
2023-02-07 20:00:00,19735.963904493838,19741.1889154298,19728.138778771085,19737.328368481853,409
2023-02-07 21:00:00,19727.59616119335,19746.23291409246,19724.255488077444,19735.383024748284,770
2023-02-07 22:00:00,19740.51372004778,19754.839619672162,19727.396998746313,19734.71406512583,973
2023-02-07 23:00:00,19732.337643626346,19748.18122970947,19714.41960629528,19730.628362662454,794
2023-02-08 00:00:00,19745.075461799603,19738.730957511132,19729.458681970846,19738.34337289297,572
2023-02-08 01:00:00,19725.96547224634,19733.5614745869,19717.29154121105,19728.95771961481,918
2023-02-08 02:00:00,19710.634796422477,19723.300562483877,19691.736065178917,19716.485731421748,357
2023-02-08 03:00:00,19741.833506710926,19743.74742671197,19724.395292798483,19742.864683288364,616
2023-02-08 04:00:00,19741.179106932166,19747.30005941627,19734.705196700124,19739.842958298326,62
2023-02-08 05:00:00,19739.42803606825,19749.38569417602,19740.338038669397,19741.1676119323,638
2023-02-08 06:00:00,19747.810040659242,19753.663792698488,19736.513826738166,19743.62311808463,979
2023-02-08 07:00:00,19713.97018189392,19751.68879083694,19726.823909558367,19727.29973617219,233
2023-02-08 08:00:00,19724.86769072262,19752.262195350253,19725.578112066636,19729.82390194628,941
2023-02-08 09:00:00,19734.32308522762,19749.83869944443,19730.27338380073,19731.270694901228,328
2023-02-08 10:00:00,19717.675812107587,19718.682109900485,19704.018158481067,19717.541893582187,421
2023-02-08 11:00:00,19741.621878990834,19738.41726183785,19725.99944446329,19734.410529754485,623
2023-02-08 12:00:00,19726.078494733167,19729.648312681973,19720.60128103507,19723.418611528956,289
2023-02-08 13:00:00,19726.592211069823,19725.64272912323,19710.14437707262,19725.129945670098,632
2023-02-08 14:00:00,19737.226609902977,19741.795235449754,19737.22820442081,19740.143706298277,768
2023-02-08 15:00:00,19743.652640556124,19756.177841437915,19723.41972106897,19744.264547650688,163
2023-02-08 16:00:00,19740.943022935917,19741.413959029058,19736.078572439983,19740.13694041915,79
2023-02-08 17:00:00,19743.155033326668,19741.259125280343,19735.133425939486,19737.690793002257,20
2023-02-08 18:00:00,19735.759076956758,19743.71925795244,19730.902922567206,19732.483114368017,277
2023-02-08 19:00:00,19753.864293736617,19750.752163409375,19739.650655770387,19745.711591928164,769
2023-02-08 20:00:00,19752.676429211286,19758.480222531183,19753.57576768134,19754.055651915452,602
2023-02-08 21:00:00,19742.01237666831,19762.437168475615,19739.29457425784,19745.788087685254,537
2023-02-08 22:00:00,19748.917980567858,19752.07218115127,19734.39777315587,19748.224066616567,11
2023-02-08 23:00:00,19749.319884723947,19755.677464022374,19735.843341069933,19747.005664207274,279
2023-02-09 00:00:00,19755.15398168917,19755.247629882677,19750.465777951664,19754.666070740233,473
2023-02-09 01:00:00,19773.423665326856,19775.464866414382,19751.516050220896,19768.249974856688,343
2023-02-09 02:00:00,19759.002990542594,19765.75392031526,19756.84548573786,19757.124637003635,886
2023-02-09 03:00:00,19768.60862666181,19774.192038571593,19759.762842261393,19773.27612685198,166
2023-02-09 04:00:00,19781.31887509328,19799.105885013174,19772.660392592355,19783.441890799226,251
2023-02-09 05:00:00,19781.063802681758,19788.49208973475,19767.46608975109,19784.083919068835,444
2023-02-09 06:00:00,19781.912720175464,19783.88754662822,19772.043537222224,19781.362686399963,539
2023-02-09 07:00:00,19797.798941808705,19798.04769062571,19793.633327432428,19796.25015830502,789
2023-02-09 08:00:00,19804.642708979907,19808.450138152588,19796.677705171882,19804.441505671384,159
2023-02-09 09:00:00,19808.15112723915,19808.92704805989,19794.69249462456,19804.706876490374,359
2023-02-09 10:00:00,19790.543908544612,19807.581313103277,19787.540679204194,19797.76917032041,625
2023-02-09 11:00:00,19819.130593865382,19828.25406453957,19810.291544718293,19818.738651820495,449
2023-02-09 12:00:00,19825.839329906343,19836.246674613583,19804.74938942327,19822.716173055094,587
2023-02-09 13:00:00,19827.549712842996,19834.936947835282,19823.860191924985,19828.510451201244,830
2023-02-09 14:00:00,19819.317133796252,19832.0228055624,19809.93766692895,19821.619164297565,291
2023-02-09 15:00:00,19811.203421015794,19808.003867742045,19796.372796452524,19803.73172026158,582
2023-02-09 16:00:00,19826.599549010956,19827.101685315076,19819.20111857057,19825.291836108714,917
2023-02-09 17:00:00,19798.381568875207,19815.335508685563,19796.412603971454,19798.540903888595,795
2023-02-09 18:00:00,19794.064432996474,19800.380389086797,19777.910025362595,19792.532325921704,418
2023-02-09 19:00:00,19797.909048933387,19804.223773508715,19796.2723329165,19799.500427319155,144
2023-02-09 20:00:00,19789.88707201935,19800.204870214002,19778.817145278575,19787.0620321859,223
2023-02-09 21:00:00,19790.84929842795,19792.74617793261,19786.651849372873,19786.722943561224,808
2023-02-09 22:00:00,19789.639766398803,19795.38056219753,19786.609882728222,19795.353349836576,120
2023-02-09 23:00:00,19788.95183185306,19797.193090203917,19780.18329228792,19791.104573204564,834
2023-02-10 00:00:00,19783.562163849747,19812.951825585726,19781.380298167885,19788.27899432936,519
2023-02-10 01:00:00,19776.609029120573,19782.127342714615,19768.532960151384,19777.432644681452,658
2023-02-10 02:00:00,19775.48908302692,19786.95357587662,19764.782365647494,19781.562550402094,431
2023-02-10 03:00:00,19797.512676252874,19811.504737183008,19784.374868622603,19795.720906951003,768
2023-02-10 04:00:00,19808.563470443765,19821.103917420216,19793.69628222861,19807.4119862226,777
2023-02-10 05:00:00,19812.772489876694,19820.459352334678,19806.619027410645,19808.30744979544,109
2023-02-10 06:00:00,19817.262039406585,19823.04496603347,19805.838736284015,19815.37425421018,40
2023-02-10 07:00:00,19809.210447556907,19830.46980563348,19809.52381373813,19816.819892996857,710
2023-02-10 08:00:00,19803.05867244292,19812.5519578942,19808.74321933196,19811.28975424811,955
2023-02-10 09:00:00,19824.25274113519,19828.527456541444,19801.04327947374,19820.57698677556,54
2023-02-10 10:00:00,19816.09565366939,19840.607543986345,19813.7220862889,19820.58959736521,330
2023-02-10 11:00:00,19814.30708318963,19818.005860665296,19816.736453817768,19817.157895260174,260
2023-02-10 12:00:00,19809.455750021094,19816.025972060943,19806.400876578886,19813.732147959607,262
2023-02-10 13:00:00,19813.619387906554,19808.28949178606,19799.533516921816,19806.03898969467,406
2023-02-10 14:00:00,19789.457453355662,19812.507285465374,19794.06475403954,19796.751155683283,918
2023-02-10 15:00:00,19787.68374205705,19798.20011541028,19775.193040648064,19791.482797662,780
2023-02-10 16:00:00,19779.184655403147,19783.721834309366,19768.2078125437,19773.839770082122,386
2023-02-10 17:00:00,19771.7294548989,19774.145978360317,19764.45041287568,19768.974143699656,517
2023-02-10 18:00:00,19785.964149300933,19802.70882174751,19769.51130812953,19785.748448313472,230
2023-02-10 19:00:00,19778.30118900631,19800.64681949441,19788.79793348651,19790.058864054863,75
2023-02-10 20:00:00,19808.66817472647,19813.609862361653,19807.930657690424,19809.191087724128,311
2023-02-10 21:00:00,19792.542398391928,19811.23846890516,19780.10522272757,19794.699714684473,353
2023-02-10 22:00:00,19794.102119877203,19814.64724048994,19780.710905975095,19799.044675644855,669
2023-02-10 23:00:00,19794.92256496718,19809.302180343202,19797.572267737098,19801.037027834976,774
2023-02-11 00:00:00,19793.76457091051,19794.736957851423,19784.55382857028,19793.239718051962,935
2023-02-11 01:00:00,19786.804575792696,19792.19061226179,19784.93885308827,19789.993280626994,515
2023-02-11 02:00:00,19795.46862113265,19810.036384424333,19786.422345054503,19800.9223906612,498
2023-02-11 03:00:00,19808.952533962205,19822.381231804888,19801.42437979554,19808.150213578556,124
2023-02-11 04:00:00,19809.070974242433,19825.36492027995,19807.970106005603,19817.895770732448,532
2023-02-11 05:00:00,19806.75826261064,19817.146169560085,19805.066314991473,19811.778151715815,938
2023-02-11 06:00:00,19819.49374955636,19822.92552558169,19786.020484567365,19807.463226684475,229
2023-02-11 07:00:00,19806.219924983874,19814.082699266793,19804.890456028115,19810.37996509138,569
2023-02-11 08:00:00,19821.43127962539,19832.990243856897,19818.781663090955,19824.191576421752,863
2023-02-11 09:00:00,19806.9708532812,19820.559555655418,19801.279433133866,19810.13690820083,20
2023-02-11 10:00:00,19802.335392007542,19803.90139810133,19792.23515615726,19801.038177755803,641
2023-02-11 11:00:00,19807.30171934489,19808.46843982013,19795.84228565328,19802.83782470256,975
2023-02-11 12:00:00,19813.605228820656,19818.79745489592,19802.142923983596,19809.424742711104,462
2023-02-11 13:00:00,19808.171552347187,19816.68143755763,19799.67589823996,19811.710111779572,581
2023-02-11 14:00:00,19816.865448445125,19818.64144696357,19805.460046865162,19814.033653711627,104
2023-02-11 15:00:00,19810.548188804773,19826.678928012992,19816.25622342779,19816.54248293278,85
